Asset ID	Product ID	Advisor ID	Date	AUM	Share Class	Sales AM
b7cea572-317a-4d51-8b66-bc18e61e5319	P002	SalA088	2024-06-01	43671.45	Class C	Sales AM 1
148aef11-87d7-4304-b419-0f03733e635f	P005	SalA024	2024-06-01	224635.43	Class B	Sales AM 1
63d86123-2d35-40b9-b50d-2a0b6eed7a84	P001	SalA031	2024-06-01	228215.35	Class B	Sales AM 1
1769b27b-68a4-4245-a9c6-1dec84dd167d	P003	SalA011	2024-06-01	99490.48	Class B	Sales AM 1
17f28993-abf6-4504-ba16-93de33226c65	P003	SalA023	2024-06-02	371491.13	Class A	Sales AM 1
e0471b74-3864-460c-adc2-140791b93728	P002	SalA005	2024-06-02	407141.47	Class A	Sales AM 1
24b587aa-dd01-43c0-b685-12d489c016d7	P001	SalA006	2024-06-02	454361.41	Class A	Sales AM 1
7b489f5c-19f0-4a2e-9ce9-4b10b1260fa9	P002	SalA001	2024-12-05	255527.63	Class B	Sales AM 1
e448732f-5867-4cc1-9643-4f8f0b9e38a6	P005	SalA046	2024-06-03	121581.53	Class C	Sales AM 1
479f67d5-098b-4131-8ec6-119e5fd75459	P004	SalA095	2024-06-04	44330.63	Class C	Sales AM 1
a98c135b-7e6f-4f91-a47f-76d02e8f30df	P002	SalA072	2024-06-04	134167.87	Class A	Sales AM 1
8612ce73-c727-4a43-8495-b987d6d95e98	P005	SalA011	2024-06-04	54048.6	Class B	Sales AM 1
68548fa3-9939-41d1-956a-0c4d9e595960	P003	SalA012	2024-06-04	395705.53	Class B	Sales AM 1
6b359c2e-fff8-4748-9f4b-8f81ecb3cb83	P004	SalA035	2024-06-04	72295.29	Class C	Sales AM 1
1440cdda-8598-4d7b-a4eb-6a9de7ed642f	P002	SalA021	2024-06-05	200315.48	Class B	Sales AM 1
fec9823b-fe96-43b2-8c01-4e67f1ecda1d	P001	SalA069	2024-06-05	409716.88	Class C	Sales AM 1
dc65ddfa-ac81-4917-adc3-f8f0ee656bcf	P003	SalA018	2024-06-05	493432.34	Class B	Sales AM 1
ca272476-d808-40c2-874e-43936e042647	P003	SalA072	2024-06-06	479173.31	Class A	Sales AM 1
173a6cc2-f8a9-4b2a-b7ea-9a20f70b85fd	P001	SalA082	2024-06-06	364027.98	Class C	Sales AM 1
d4a837ae-7767-4172-bf61-dfec7eed0414	P002	SalA024	2024-06-06	373856.79	Class A	Sales AM 1
896580e7-a10c-4ed5-a5fe-859b359c643c	P004	SalA061	2024-06-06	212639.83	Class A	Sales AM 1
52a1d222-a483-45f8-85cf-d355c1cd4fb5	P003	SalA055	2024-06-07	203517.24	Class A	Sales AM 1
d6f5a9ca-fe74-40eb-b713-8ceb9a5f33bb	P004	SalA036	2024-06-07	486913.46	Class B	Sales AM 1
9b227d76-a379-462b-b0bd-b7c1930492fb	P004	SalA069	2024-06-07	61761.16	Class C	Sales AM 1
be5d8a9b-0c2a-4179-ad0a-35954faefd4c	P005	SalA044	2024-06-08	167298.46	Class C	Sales AM 1
4dd04d17-bbac-4854-a92b-7d8767f2c743	P001	SalA078	2024-06-08	156560.66	Class B	Sales AM 1
955771df-0d35-4918-9bb6-1eacbfc79f08	P001	SalA084	2024-06-08	241795.59	Class A	Sales AM 1
9f0765cc-71d2-4cc9-b5cc-a8fe7025057e	P002	SalA020	2024-06-08	423584.62	Class A	Sales AM 1
0d93d74a-dca4-459f-9438-b4070f8c75cd	P003	SalA011	2024-06-08	23912.14	Class A	Sales AM 1
59b5cf29-1fdc-4b1f-ad36-26d0f3a4b21b	P004	SalA025	2024-06-08	24706.13	Class A	Sales AM 1
a1d00d9c-d5ef-4ecc-ba7b-0ca3c4eb48cd	P001	SalA090	2024-06-09	188055.03	Class C	Sales AM 1
841c2b03-bf46-4685-8453-63c5c542cc15	P001	SalA008	2024-06-09	84477.49	Class B	Sales AM 1
7b54a6ab-b7f0-45e7-a05f-fe30108026fe	P005	SalA006	2024-06-09	190908.98	Class A	Sales AM 1
fc9488fc-175c-4cf5-b1c3-bbd82461dc00	P004	SalA018	2024-06-09	425255	Class A	Sales AM 1
8d718c58-de6e-433d-af79-2cf6ac520916	P004	SalA033	2024-06-09	159928.87	Class A	Sales AM 1
25e639aa-802c-4086-966c-fc60c914071d	P001	SalA046	2024-06-10	90351.25	Class C	Sales AM 1
f126d2f4-5d66-4eed-a01e-30d27c5999e6	P001	SalA008	2024-06-10	237591.22	Class C	Sales AM 1
6beb2d77-9bc7-45c4-81b9-cc8cc6cb16b4	P004	SalA067	2024-06-11	196572.6	Class B	Sales AM 1
62d2c56d-f21f-41da-9940-5228bc142901	P004	SalA064	2024-06-11	59442.05	Class B	Sales AM 1
b0b3e4cf-ceca-4d29-ab19-caac9c6135e4	P004	SalA042	2024-06-11	487473.91	Class C	Sales AM 1
59a7f99f-aa43-4b93-b122-69d19e6fde90	P005	SalA058	2024-06-12	468411.3	Class A	Sales AM 1
3f4428e9-e442-451d-9abe-97583535b02e	P001	SalA084	2024-06-12	434138.94	Class A	Sales AM 1
4b266265-dfed-442f-b6f9-86c62ccbe731	P004	SalA079	2024-06-12	380739.07	Class A	Sales AM 1
550f1b64-ac39-4f34-8bb3-80091ddf9fb0	P003	SalA011	2024-06-13	290441.25	Class C	Sales AM 1
5bfa1832-f037-4b18-8b3a-619b97dae944	P005	SalA076	2024-06-13	373155.01	Class A	Sales AM 1
fadd1b76-6b67-4471-a7ae-0abb591b5273	P005	SalA052	2024-06-13	441401.53	Class C	Sales AM 1
9177968b-1841-4239-891a-e40d4fea8cb2	P004	SalA059	2024-06-13	469044.59	Class A	Sales AM 1
a3b99cc5-e8a3-4e7f-a2a9-c36c83d0fb0b	P003	SalA018	2024-06-14	393628.21	Class A	Sales AM 1
d6a7c87f-5139-4fa4-b499-fd8e045622df	P004	SalA067	2024-06-14	182465.45	Class A	Sales AM 1
4053cf56-c729-421f-9298-6097b14a74b3	P003	SalA067	2024-06-14	183753.03	Class B	Sales AM 1
bacb706b-3ae0-4087-9722-ee1df90f685d	P001	SalA057	2024-06-14	117236.62	Class A	Sales AM 1
16f107eb-989d-4910-b17c-9cafa28fc7ed	P003	SalA075	2024-06-15	495489.83	Class A	Sales AM 1
58d549a6-afc0-4873-bb3b-39cc38b99a99	P002	SalA038	2024-06-15	477267.43	Class C	Sales AM 1
e4058095-b14f-4e49-b3ca-df92908471ce	P005	SalA064	2024-06-15	83296.7	Class B	Sales AM 1
8f6c36cc-f9e9-40d3-8f28-159050975a2b	P002	SalA067	2024-06-15	222017.57	Class B	Sales AM 1
6b58dfdf-7cf4-45a6-9d35-78dfe273b598	P002	SalA074	2024-06-15	105221.53	Class B	Sales AM 1
4d98b229-8c00-4b95-a3d8-21b12ab7397a	P005	SalA004	2024-06-16	279830.14	Class A	Sales AM 1
ebdb75e9-0500-4931-93b6-555f4619e6da	P004	SalA070	2024-06-16	262526.31	Class C	Sales AM 1
ef265ac0-8555-4478-ae82-3cef91bb3176	P004	SalA077	2024-06-16	189482.49	Class B	Sales AM 1
55e568da-9e2a-450f-a088-f76403c9b9d3	P005	SalA012	2024-06-17	224917.23	Class B	Sales AM 1
54c234ec-42d5-40ac-99d8-f38451ba8ff3	P004	SalA012	2024-06-17	278392.2	Class C	Sales AM 1
827127a9-2bc2-4d4a-91cc-08acf93a0eff	P004	SalA014	2024-06-17	444575.25	Class C	Sales AM 1
0afd21b1-adfa-4127-924a-bb2e588cc633	P005	SalA026	2024-06-18	299529.44	Class A	Sales AM 1
9b9c5950-2dbf-45b9-bb99-26ffdc779bbe	P004	SalA038	2024-06-18	57028.13	Class A	Sales AM 1
8e4a50e9-a4c2-4f0e-822f-a4d8a1bc856a	P002	SalA051	2024-06-18	150967.91	Class A	Sales AM 1
e59cbdba-9c8c-4668-b095-c254bb3f5ad6	P001	SalA022	2024-06-18	235096.97	Class B	Sales AM 1
b7bda4bc-994c-437c-a5c2-e089b1ea06be	P004	SalA026	2024-06-19	34903.82	Class B	Sales AM 1
6ca63798-1157-4440-ac5a-5a1578a036b2	P001	SalA062	2024-06-19	58024.49	Class B	Sales AM 1
e34d6b6a-5148-4c2b-9a7e-5e7ddec1c6f7	P003	SalA024	2024-06-19	455313.39	Class A	Sales AM 1
021662cd-1745-410a-8d9b-668e683c2960	P004	SalA020	2024-06-20	366694.48	Class C	Sales AM 1
d7ff85b5-6dc4-4f43-8bb6-b966568bce00	P004	SalA004	2024-06-21	318251.32	Class B	Sales AM 1
aee5aa1a-d69a-4adb-ab13-e295a785f815	P003	SalA008	2024-06-21	242027.31	Class B	Sales AM 1
a82c43b5-882b-45f0-a4dc-585e3e2625bf	P004	SalA049	2024-06-21	456780.7	Class C	Sales AM 1
1e6208ab-b68c-44d3-94ed-e3227181159e	P001	SalA057	2024-06-21	354966.44	Class B	Sales AM 1
df0ce826-6e7a-4742-8fbf-8a86e93c7897	P004	SalA010	2024-06-21	232901.93	Class B	Sales AM 1
98553d34-0fd1-45b7-af1f-6637a69a80ec	P005	SalA069	2024-06-21	142760.77	Class C	Sales AM 1
312805e4-6255-4762-8654-fe14a9b5c53b	P003	SalA002	2024-06-22	462916.52	Class C	Sales AM 1
ed0bf82b-9aba-48a5-9073-9bbebd20d4a5	P004	SalA062	2024-06-23	114633.81	Class C	Sales AM 1
6816b2f8-a77c-4dec-ae26-c879fcbb8027	P003	SalA065	2024-06-23	184908.99	Class C	Sales AM 1
8ba7f8d2-0c35-4f16-91d4-2b5141fa7010	P005	SalA053	2024-06-23	460212.98	Class A	Sales AM 1
7a0b78d6-7741-44fb-a4a4-85ca933b4527	P004	SalA009	2024-06-23	138301.81	Class C	Sales AM 1
142deef1-90e2-409b-85fd-b555e3606afd	P004	SalA035	2024-06-24	34666.95	Class A	Sales AM 1
ef0f1f22-bdf9-4f3b-af61-c6607640e156	P003	SalA080	2024-06-24	182340.74	Class C	Sales AM 1
6c0e4ac5-aa3e-4b71-8c4d-c28b6fbac86d	P002	SalA028	2024-06-24	402482.13	Class B	Sales AM 1
9f48d3c9-ccb4-44f0-8975-acf87fb028f8	P004	SalA019	2024-06-24	183648.63	Class A	Sales AM 1
43ebec5a-8f2c-4db6-a7bc-86a52892a967	P002	SalA050	2024-06-25	72147.33	Class C	Sales AM 1
decb49ba-f5fe-4b67-b66d-296742a4fb66	P003	SalA002	2024-06-25	452318.98	Class A	Sales AM 1
e719bc5b-ec33-4d67-a8cd-2c4324608f02	P003	SalA079	2024-06-25	414914.47	Class C	Sales AM 1
42d73f90-b85b-4385-9710-41f73839aee8	P002	SalA008	2024-06-26	85080.55	Class B	Sales AM 1
ba3766ba-a3f1-4545-8103-a0294909f148	P004	SalA029	2024-06-26	120213.73	Class C	Sales AM 1
8ad94624-ee07-4891-8beb-622d0fe00a09	P001	SalA033	2024-06-26	331104.16	Class B	Sales AM 1
f3678615-537b-43c9-bf6e-8b50a6ada664	P003	SalA047	2024-06-26	270398.65	Class C	Sales AM 1
45e19e38-64c1-4b51-9f59-536b7b9e8f29	P001	SalA056	2024-06-26	380290.18	Class C	Sales AM 1
a5bba0c1-cb17-4f9f-a4df-fa35e3a25b68	P001	SalA042	2024-06-26	485438.7	Class A	Sales AM 1
dbf80b12-2ddb-4dfe-8c3b-5a83645cba56	P002	SalA037	2024-06-27	484449.66	Class A	Sales AM 1
ec219261-a71c-4e93-bbb1-515b35998600	P003	SalA047	2024-06-27	219845.4	Class B	Sales AM 1
0223a0c0-df78-4d25-a5dc-bd87ad9c5c06	P002	SalA079	2024-06-27	356268.93	Class C	Sales AM 1
cc3e24de-962e-4cca-ab86-ddc8d3d64d5a	P005	SalA026	2024-06-27	192461.83	Class C	Sales AM 1
93d9dfec-4f64-4fd1-a5d9-b111efbcc965	P002	SalA031	2024-06-27	145601.9	Class B	Sales AM 1
04260cff-b532-4ebe-9cd2-7d2491bf3532	P001	SalA035	2024-06-27	360031.24	Class A	Sales AM 1
c1158a3c-305f-48fb-977e-6cd6859cd9e8	P005	SalA058	2024-06-27	449618.47	Class A	Sales AM 1
d0bb97d5-28e6-4b86-84f8-e4f5bc545d3b	P003	SalA006	2024-06-28	122848.34	Class A	Sales AM 1
9cabcb7a-afb3-4b55-b72e-fd84e02a5a71	P003	SalA079	2024-06-28	465879.3	Class A	Sales AM 1
1f9dad6b-90a9-451a-b21c-1de5d6bfd84d	P004	SalA067	2024-06-28	198665.49	Class A	Sales AM 1
32917067-3ebe-451b-8c1c-10dc225431b6	P004	SalA052	2024-06-28	114411.46	Class C	Sales AM 1
b63fc4e0-2297-4825-ae38-73a10fef7626	P004	SalA019	2024-06-29	282651.58	Class C	Sales AM 1
824afc7c-7512-4591-863b-5327ec1535cd	P004	SalA048	2024-06-29	304900.21	Class B	Sales AM 1
20ab3188-0322-4f21-80b8-46854466ec5c	P005	SalA056	2024-06-29	409430.45	Class A	Sales AM 1
5988b04f-37b0-4b16-8d63-36f0762a543f	P004	SalA066	2024-06-29	321949.13	Class C	Sales AM 1
056de9eb-8713-45c5-86a9-5d26c4a60ef4	P001	SalA051	2024-06-29	272796.25	Class A	Sales AM 1
4ba71ec4-f02b-49d9-83c6-da06e2de983b	P004	SalA053	2024-06-30	361472.17	Class C	Sales AM 1
e2df5a6b-493f-4176-bf6e-5e07fafc625f	P001	SalA090	2024-06-30	445102.42	Class C	Sales AM 1
8b0896c5-22f8-432c-817e-eec3c266211c	P002	SalA091	2024-06-30	493479.22	Class B	Sales AM 1
e3d07634-e65b-4477-aea4-8e47ae137675	P004	SalA025	2024-06-30	92712.58	Class A	Sales AM 1
40435e23-0d64-47e3-9618-2b94b1f35824	P004	SalA072	2024-06-30	161844.84	Class A	Sales AM 1
7ce714c7-94a3-4929-9ba1-632de04c56a0	P002	SalA037	2024-06-30	265583.57	Class B	Sales AM 1
093e5814-15e9-446b-8f71-fb9864ee9915	P004	SalA074	2024-06-30	269241.82	Class B	Sales AM 1
27ba4b4c-49ae-4afa-8136-a00ba2c64ba2	P001	SalA021	2024-07-01	389100.03	Class B	Sales AM 1
9770415f-64b8-4283-8ca8-04050b4da683	P001	SalA057	2024-07-01	312004.62	Class A	Sales AM 1
9be46579-d4c3-4a13-9838-7a4d5a19c08e	P003	SalA003	2024-07-01	61823.82	Class A	Sales AM 1
8ca2e18b-522f-43d4-adde-2e4a369966a9	P001	SalA071	2024-07-01	110711.93	Class C	Sales AM 1
0edf4b07-96a0-4654-9e9b-baaf7e3a9618	P002	SalA035	2024-07-02	217149.01	Class B	Sales AM 1
96f07a31-338a-4791-9185-a2f228819980	P005	SalA054	2024-07-02	259435.72	Class A	Sales AM 1
0abe236e-dc06-4a88-974a-48d85d9f5dce	P004	SalA094	2024-07-02	296924.94	Class C	Sales AM 1
dc97099a-61aa-4d49-9b6c-bd7769715f0f	P004	SalA012	2024-07-03	186027.32	Class A	Sales AM 1
ca8e95ca-5fac-4421-8ce9-ba4445f27a28	P005	SalA049	2024-07-03	213495.13	Class A	Sales AM 1
c4f9fa26-830d-4c39-9356-5ecc4a9473db	P004	SalA078	2024-07-03	382090.19	Class B	Sales AM 1
42c46651-6742-44ba-ab8f-1d351c36fce0	P005	SalA044	2024-07-03	209433.88	Class B	Sales AM 1
bcb51cd7-13dd-4ca9-8741-72ed5751d448	P002	SalA072	2024-07-03	134946.3	Class C	Sales AM 1
aaba4725-2778-4b09-b74d-418b8eb3e5a1	P001	SalA020	2024-07-04	388627.09	Class C	Sales AM 1
2a2b9758-45d2-4868-8424-f76138dd7106	P005	SalA086	2024-07-04	94122.82	Class C	Sales AM 1
5ce1829a-4f8a-4cb8-95b8-2e1ed3d7595b	P003	SalA011	2024-07-04	318249.9	Class C	Sales AM 1
f8ef2556-77b8-44c4-91e4-2016c643c28c	P001	SalA018	2024-07-04	190147.3	Class C	Sales AM 1
87fb9cc3-c17f-4ebc-86f0-572f63510a28	P004	SalA036	2024-07-04	428759.91	Class B	Sales AM 1
9d60df1f-4caf-4d14-8ef2-c18c95ba8f18	P003	SalA055	2024-07-04	423696.25	Class A	Sales AM 1
03dcea9f-b1f0-4498-af3d-e6d1703a2f17	P001	SalA035	2024-07-04	242944.65	Class A	Sales AM 1
8007d74c-4c0b-4484-b081-04e9f04bd716	P003	SalA053	2024-07-04	45428.29	Class A	Sales AM 1
2034cde1-94dd-49e1-bb3a-91b96c01ef8d	P001	SalA015	2024-07-05	387252.72	Class B	Sales AM 1
6a7c0f3e-36ce-4d60-a07a-66e5b328e613	P004	SalA030	2024-07-05	349595.42	Class B	Sales AM 1
2aeb218f-9f98-4343-a47f-41eb60eb1ef8	P003	SalA032	2024-07-05	384908.32	Class A	Sales AM 1
0b1ad1d6-85b0-4f6b-8613-6df2803c7036	P001	SalA060	2024-07-05	85947.95	Class C	Sales AM 1
dd63e5f0-c373-41a9-8c2f-878dc2e5b3e4	P003	SalA068	2024-07-06	408533.08	Class B	Sales AM 1
69100d10-e6bb-4258-9a0b-bf83983d89e8	P001	SalA001	2024-07-07	121000.28	Class C	Sales AM 1
f573dad5-31c5-4f4b-8a69-45002b4bef76	P003	SalA065	2024-07-07	433361.28	Class C	Sales AM 1
93ae8ffc-5fa8-4514-b385-c0c5aa12dd55	P004	SalA083	2024-07-07	275499.95	Class B	Sales AM 1
cb3d5dfb-4dab-46f7-8265-e25b59d2ade8	P003	SalA098	2024-07-07	239541.66	Class A	Sales AM 1
be625617-39ee-40b9-b3f0-bf76b4129926	P003	SalA003	2024-07-07	12209.74	Class B	Sales AM 1
522a8a4e-6e3e-4f5a-a68c-68e6a9027cd4	P003	SalA015	2024-07-08	137987.45	Class C	Sales AM 1
550339b0-ca39-4b98-ab5c-0928e173e74b	P003	SalA038	2024-07-08	270264.22	Class A	Sales AM 1
f8ce53b8-f833-4cfa-9c41-6c6acc48e2cd	P002	SalA072	2024-07-08	211339.91	Class C	Sales AM 1
c1ea607a-8f03-4db2-99f9-736ea1c54775	P005	SalA098	2024-07-08	37447.29	Class A	Sales AM 1
8ae3be02-da06-4067-a480-08277a52586d	P002	SalA045	2024-07-08	487636.61	Class A	Sales AM 1
3d56e90b-5439-4b8c-884e-68671756dc1d	P003	SalA064	2024-07-08	494331.22	Class C	Sales AM 1
1a67ee9c-4ab4-4349-92cf-3bebd3708673	P003	SalA066	2024-07-08	325690.1	Class B	Sales AM 1
4ec699da-2e99-4af7-a03e-8f3efdbbbe57	P002	SalA078	2024-07-08	123096.49	Class A	Sales AM 1
b73157fe-8ff1-4e87-a871-2d4901d431ac	P003	SalA002	2024-07-09	287275.29	Class A	Sales AM 1
221d3944-cc75-43da-afe8-f43fc8c65e79	P005	SalA009	2024-07-10	473940.24	Class C	Sales AM 1
4dd115cd-732f-4548-babb-efcd472a3b11	P004	SalA027	2024-07-10	388939.5	Class A	Sales AM 1
9dec7cb7-462e-4624-a980-c015997e6383	P003	SalA046	2024-07-11	12640.16	Class A	Sales AM 1
456159bb-a53b-4371-aeff-534b9fbe0207	P004	SalA036	2024-07-11	486948.29	Class B	Sales AM 1
0dfda408-c467-498a-8393-d966cb3e2701	P002	SalA060	2024-07-11	265660.74	Class C	Sales AM 1
d0117f90-c2f9-4f04-98dc-0602d55b3946	P001	SalA020	2024-07-12	267075.32	Class A	Sales AM 1
2b7e70ed-42a0-4dac-b64e-2be620ed0c44	P001	SalA024	2024-07-12	219689.14	Class B	Sales AM 1
c2261f26-173b-4f5e-9637-079b0865b08d	P003	SalA033	2024-07-12	58077.61	Class B	Sales AM 1
4ad46ca3-6423-4330-9dda-2f48ae3a0ff3	P001	SalA005	2024-07-12	37417.8	Class B	Sales AM 1
686dfbb7-5d1d-4655-b9fc-c8ce93d28146	P005	SalA026	2024-07-13	444738.13	Class B	Sales AM 1
f4b1965c-e721-424d-b0d3-f2e6c635594b	P002	SalA037	2024-07-14	262127.29	Class A	Sales AM 1
f31202b1-5501-4c29-b762-22f4b15540b8	P004	SalA083	2024-07-14	361874.37	Class B	Sales AM 1
251d3a15-9cb5-489a-b93c-a157efb17b53	P003	SalA056	2024-07-14	97986.24	Class B	Sales AM 1
57f8c73f-6325-43f3-93ad-13c89757084f	P002	SalA015	2024-07-15	132071.57	Class C	Sales AM 1
1c68f9ee-5b4a-4eef-9674-8cc1688dc545	P001	SalA003	2024-07-15	209315.66	Class B	Sales AM 1
657733ea-609d-486d-b2f9-f0f5a9191d0f	P005	SalA045	2024-07-15	306154.94	Class C	Sales AM 1
01bd136c-d075-47ed-b20c-a32f529f2fbf	P001	SalA001	2024-07-15	274469.24	Class A	Sales AM 1
ad07f7cd-7a59-44e6-bf85-972f5ce52690	P003	SalA075	2024-07-15	320869.15	Class B	Sales AM 1
1cdbeae4-3049-43f2-9932-37ea1c88cdf0	P003	SalA011	2024-07-16	131563.48	Class C	Sales AM 1
1d914cc2-f397-4e26-900b-e55fc5797ecf	P001	SalA018	2024-07-16	276165.57	Class B	Sales AM 1
9d7457ae-2ac4-413b-a87b-875b544a7db4	P003	SalA075	2024-07-16	385773.49	Class A	Sales AM 1
9527b7db-bab2-4097-95e0-3e72e35b5326	P005	SalA005	2024-07-19	134401.08	Class A	Sales AM 1
a42e1bbc-add4-4eaa-b8e0-01a29ed2f005	P002	SalA041	2024-07-19	390843.71	Class C	Sales AM 1
5d11a058-4457-4f40-8cc8-38513c5dc909	P003	SalA046	2024-07-19	248425.95	Class C	Sales AM 1
b53e81c8-ca4f-40b4-af43-2d8a765b5558	P003	SalA009	2024-07-19	111497.88	Class C	Sales AM 1
70262a0f-f7b9-406a-8bd5-a3fee1776043	P005	SalA028	2024-07-19	231320.48	Class C	Sales AM 1
1dfe3dcd-0ffa-4939-9d79-2f97f088ffea	P004	SalA041	2024-07-20	381539.48	Class A	Sales AM 1
cf205923-2d77-4aec-921d-c2d8ee80327e	P001	SalA017	2024-07-20	383275.96	Class C	Sales AM 1
a67e5942-3119-4366-b2ea-60f2939d91f6	P003	SalA014	2024-07-21	413372.73	Class B	Sales AM 1
442ba688-b126-4ccc-b6d2-65ba662800fb	P001	SalA044	2024-07-21	445449.76	Class C	Sales AM 1
df6056a6-1745-4652-bcfa-a5a608495293	P004	SalA050	2024-07-21	412772.35	Class C	Sales AM 1
87fe3e55-a530-429c-9bd6-4c6c15d0bbeb	P002	SalA011	2024-07-21	394377.3	Class C	Sales AM 1
e4622bc3-cf59-48cc-9c68-cf1757bfd7f9	P003	SalA063	2024-07-21	277308.31	Class A	Sales AM 1
826e29f6-927f-4101-9059-902390ecb42b	P004	SalA033	2024-07-22	233199.07	Class A	Sales AM 1
4e035f85-eb60-49ce-acaa-c089c7d9bbce	P004	SalA037	2024-07-22	116821.1	Class C	Sales AM 1
37a7ae3e-0e5c-4fd1-875f-ea7bd6365d16	P001	SalA057	2024-07-22	22482.66	Class B	Sales AM 1
4f967cfd-ac6a-40a8-8cbc-9f56eb517ffb	P002	SalA030	2024-07-22	358641.43	Class B	Sales AM 1
f3a19c72-b5af-408b-b4c2-7877949f53ff	P002	SalA058	2024-07-23	121256.82	Class B	Sales AM 1
2d6f8344-93a4-4f95-a0fc-1cec1b9c0b08	P005	SalA049	2024-07-23	298504.98	Class C	Sales AM 1
02172eeb-9adf-4439-a27a-9c1413146c44	P004	SalA075	2024-07-23	144566.28	Class B	Sales AM 1
d6b46262-5603-4ded-bddd-6826202c2611	P001	SalA018	2024-07-24	192928.24	Class C	Sales AM 1
521bf695-9be6-4ecf-9175-958e51972558	P003	SalA030	2024-07-24	68622.95	Class A	Sales AM 1
e4735064-21e3-488e-b6a6-315938059dbc	P002	SalA063	2024-07-24	401751.89	Class C	Sales AM 1
99861172-f51f-4495-b5fa-09b22bf0855f	P004	SalA035	2024-07-24	273611.68	Class A	Sales AM 1
d8c74659-66a9-463f-952e-0b815d85c53d	P004	SalA055	2024-07-24	228393.19	Class A	Sales AM 1
c2f294db-0364-4643-833e-00daf7d4f7bc	P003	SalA065	2024-07-24	488969.88	Class A	Sales AM 1
a977caba-166c-4e2e-8c78-2d80e83fbe29	P003	SalA005	2024-07-24	202136.52	Class A	Sales AM 1
31934771-9d08-4bba-881f-361ef4a11e5a	P003	SalA015	2024-07-25	16132.99	Class A	Sales AM 1
59cbc9b3-d4d9-4ac6-9b62-025ffc877472	P001	SalA081	2024-07-25	74470.5	Class A	Sales AM 1
c26563e1-6bea-4e1b-ae64-4647674d5714	P005	SalA096	2024-07-25	331830.4	Class B	Sales AM 1
e76c3243-8599-4324-84e8-92c9f54a9527	P001	SalA030	2024-07-25	352651.35	Class A	Sales AM 1
dab7cbfe-0299-4bac-ae72-f8fc2d9d1952	P005	SalA043	2024-07-25	146392.79	Class B	Sales AM 1
3014d3a4-2fda-47ce-a71f-b4292bf114b2	P003	SalA069	2024-07-25	316723.35	Class C	Sales AM 1
a5098093-3115-4b31-afcf-4a5d3c81c203	P004	SalA015	2024-07-26	326734.07	Class C	Sales AM 1
a3f048b7-37b3-4597-945d-cad14ec5f14c	P002	SalA021	2024-07-26	197364.21	Class A	Sales AM 1
f6c656bc-bb8a-4030-b3e8-e76f18146877	P005	SalA041	2024-07-26	184237.78	Class C	Sales AM 1
7cf97705-6536-45f7-a0c4-2db90ef3f7d1	P003	SalA061	2024-07-26	27529.99	Class C	Sales AM 1
a4365e7b-2d72-4114-8aca-947a9b084d4d	P005	SalA001	2024-07-26	87572.81	Class C	Sales AM 1
91e70958-e2db-4f87-8e35-043585c6e723	P003	SalA018	2024-07-27	274259.74	Class C	Sales AM 1
37ea52c1-8650-4f5f-afb5-565c76ca7369	P001	SalA037	2024-07-27	495781.92	Class B	Sales AM 1
f2ff6431-a8b5-4435-a5af-e3631da03dd2	P005	SalA048	2024-07-27	411597.56	Class B	Sales AM 1
94d129a7-f7c8-4d8f-a5cf-6b32331eaf2e	P002	SalA057	2024-07-27	155001.93	Class B	Sales AM 1
600faf8d-df25-45c9-806b-36ca64c57703	P002	SalA022	2024-07-27	121349.62	Class C	Sales AM 1
db185497-c803-414f-a051-75fbc8a5c05e	P003	SalA026	2024-07-27	187299.2	Class B	Sales AM 1
00a8dbfa-99de-4b23-99b0-fc67e7be6906	P001	SalA079	2024-07-27	107942.91	Class B	Sales AM 1
891ea562-6194-470e-98eb-6f0df94fc78b	P003	SalA015	2024-07-28	497096.38	Class B	Sales AM 1
d464261b-f86c-4bc8-8d8e-617e52288146	P001	SalA028	2024-07-28	313229.24	Class A	Sales AM 1
2d3f3957-5f81-4a2c-a648-09616d245c47	P003	SalA076	2024-07-28	157013.63	Class B	Sales AM 1
943d3433-ec7c-424c-9ad4-bc32f1b5c8d9	P004	SalA056	2024-07-29	153688.24	Class B	Sales AM 1
92d812e3-cda8-4749-8857-d9b04d7504bb	P005	SalA045	2024-07-29	220522.21	Class A	Sales AM 1
5fa22bc7-250c-4ffa-9662-fbe6200f2201	P001	SalA057	2024-07-29	225853.14	Class A	Sales AM 1
0a3cfb25-d7b9-4d17-8bab-414faee9a847	P002	SalA071	2024-07-30	335443.58	Class C	Sales AM 1
93889e06-1333-40d5-9ba2-0f96b62a84f1	P005	SalA085	2024-07-30	473894.54	Class B	Sales AM 1
1e2a1c65-5abc-4ec4-a75c-0c26a60d878d	P005	SalA017	2024-07-30	21530.82	Class A	Sales AM 1
d9f2bd08-ae24-4113-bcbf-fe79d13391ed	P005	SalA032	2024-07-30	279965.65	Class C	Sales AM 1
e09f705c-48fd-4b5f-be88-d936a6711f52	P003	SalA016	2024-07-31	228446.87	Class C	Sales AM 1
4d6eaa27-196f-48f8-8d3e-27b76284eeb0	P003	SalA097	2024-07-31	172755.49	Class A	Sales AM 1
651febf5-83de-42ab-b163-a7a36dcbfaaf	P001	SalA036	2024-07-31	99506.23	Class C	Sales AM 1
3d90e0c3-c3a2-4f15-ab48-d7f85cf4e740	P003	SalA010	2024-07-31	395815.12	Class B	Sales AM 1
fe181a8d-16a8-4119-9829-e681c7309ff9	P002	SalA059	2024-07-31	114303.58	Class C	Sales AM 1
cbe95565-2399-4263-87f8-e28ac62f6b5d	P004	SalA011	2024-08-01	409952.71	Class C	Sales AM 1
084ddc29-d979-4b08-866e-632ae5fc4043	P001	SalA031	2024-08-01	273668.37	Class A	Sales AM 1
a9075409-2ba3-4371-a85f-a87d29eb7188	P002	SalA085	2024-08-01	388556.54	Class B	Sales AM 1
98cef448-0a88-44e7-9bfb-9fc8c6341961	P005	SalA088	2024-08-01	377733.09	Class A	Sales AM 1
888e581a-d517-49ae-a019-886d783e621d	P005	SalA090	2024-08-01	321900.51	Class C	Sales AM 1
0f7d9719-e5f4-43b4-8304-9f44eb64c6b5	P004	SalA023	2024-08-01	182288.23	Class A	Sales AM 1
1f3d02b0-f169-46d7-b706-a7cabe6bb048	P005	SalA040	2024-08-02	434378.88	Class B	Sales AM 1
d0d9036a-e289-426e-b7cf-a0d790697d9b	P004	SalA051	2024-08-02	311226.76	Class B	Sales AM 1
4813307c-f8e3-43d2-a0bb-fc3653f681b6	P001	SalA091	2024-08-02	460918.39	Class A	Sales AM 1
5b5fe822-67c0-45d8-bf88-f6d7f6034724	P003	SalA001	2024-08-02	316876.65	Class C	Sales AM 1
7dac069a-aa7f-48ed-9e00-2f80079c4f97	P002	SalA078	2024-08-02	146244.67	Class A	Sales AM 1
3f9d048a-a28d-42a0-9553-883cc49b4825	P005	SalA059	2024-08-03	182313.89	Class A	Sales AM 1
8baa7301-6502-494d-b178-d1dada512fd5	P001	SalA013	2024-08-03	457405.93	Class C	Sales AM 1
525285fe-275a-42af-a014-4bfae49e3b14	P002	SalA021	2024-08-03	445379.65	Class B	Sales AM 1
0e49a7c5-71a4-4424-a025-fae1913c1bb5	P003	SalA023	2024-08-03	455521.71	Class B	Sales AM 1
c6acbda7-7a4d-4b2c-9b24-d9834e76a603	P005	SalA057	2024-08-03	97281.8	Class C	Sales AM 1
28845766-ff26-43eb-8166-c2fe7a4d0d61	P002	SalA048	2024-08-04	89835.88	Class B	Sales AM 1
9007bee2-a728-4cad-be69-3dc52004c520	P003	SalA050	2024-08-04	499276.19	Class C	Sales AM 1
882c0b39-91a6-4c4d-b5a0-ae443cf4f3f0	P002	SalA011	2024-08-05	353279.65	Class B	Sales AM 1
c60e6822-8552-4990-81a1-66874c25ab13	P004	SalA017	2024-08-05	158088.32	Class A	Sales AM 1
b505c64f-3416-4c26-894a-707fa523912b	P002	SalA087	2024-08-05	309558.5	Class A	Sales AM 1
395d591b-4fe1-47e9-8c85-7b1eef685c43	P002	SalA012	2024-08-05	202243.52	Class B	Sales AM 1
b1f6990c-af68-4d51-a7a1-675cc6107b3f	P001	SalA026	2024-08-05	196394.45	Class A	Sales AM 1
e2baa890-3e19-438e-af31-f11d1637624b	P005	SalA066	2024-08-05	192517.83	Class A	Sales AM 1
e0b813cf-d1de-4c69-ac63-20514f457e41	P001	SalA076	2024-08-05	221365.75	Class A	Sales AM 1
a1dc06bd-7add-49df-bf40-78f0cb2d9dad	P002	SalA007	2024-08-06	451559.35	Class B	Sales AM 1
9aca129a-3f58-4aa4-b8f8-f79ff5997b49	P001	SalA026	2024-08-06	352212.36	Class C	Sales AM 1
12fd45f6-4112-497d-9f2f-2551ff334f41	P004	SalA061	2024-08-06	65372.49	Class C	Sales AM 1
306b40c6-e18c-43f0-a35a-eccf6c9d6948	P004	SalA007	2024-08-06	180111.28	Class C	Sales AM 1
0b6bb7be-9f30-43e1-9c52-a09c946832c0	P003	SalA016	2024-08-06	138986.75	Class B	Sales AM 1
13e28db4-7199-44ad-a394-398528cb9ee1	P001	SalA032	2024-08-06	356979.51	Class B	Sales AM 1
3f001e22-67e7-424b-9d4e-8207110f689e	P005	SalA048	2024-08-06	58938.49	Class A	Sales AM 1
358ae557-8d39-4ca1-b4dc-d588302afcdf	P002	SalA074	2024-08-06	477847.05	Class C	Sales AM 1
6d99fa03-9738-4047-9d66-c169c7c24d57	P004	SalA049	2024-08-07	274247.82	Class C	Sales AM 1
3b4e284c-7d01-40d7-a31e-888d7dae5c02	P001	SalA044	2024-08-07	261408.06	Class A	Sales AM 1
e29dd662-072b-4e46-8371-62a3a03a098d	P003	SalA052	2024-08-07	228396.11	Class B	Sales AM 1
30831b04-d7b2-4ca7-95bb-bedd4e3e0165	P005	SalA058	2024-08-07	334532.11	Class C	Sales AM 1
18e002c5-6811-4398-b30a-53296efff868	P001	SalA070	2024-08-08	440802.93	Class B	Sales AM 1
e00a809b-cab8-49d0-abbd-f66740fdc68a	P005	SalA059	2024-08-08	419861.01	Class B	Sales AM 1
95bd0d83-03c0-4673-9a42-2c2ca09c61c0	P001	SalA055	2024-08-09	336020.92	Class A	Sales AM 1
39851e95-3c93-4ca6-8d68-2130b40b5a77	P003	SalA077	2024-08-09	478402.04	Class A	Sales AM 1
582af3f1-68a4-4bfc-a4a7-f7aac53780e9	P001	SalA006	2024-08-09	438401.04	Class B	Sales AM 1
ba9087e3-b035-4ea0-87b8-538121eea030	P003	SalA058	2024-08-09	174958.5	Class C	Sales AM 1
c178a472-196f-4695-a126-1e3659bbef52	P004	SalA021	2024-08-10	411729.76	Class A	Sales AM 1
ca062a37-6a91-4bec-8625-9ad8c92886b5	P002	SalA041	2024-08-10	195600.23	Class A	Sales AM 1
9839a634-cc2e-4758-b4ff-ed252ed7e787	P004	SalA077	2024-08-10	217860.75	Class A	Sales AM 1
dc8c0d87-1f52-4d8c-90e8-382d8f89f709	P002	SalA018	2024-08-11	204059.56	Class B	Sales AM 1
63ff821a-183b-4bae-9e63-f4c5d7d7ce43	P001	SalA023	2024-08-11	497110.28	Class C	Sales AM 1
793f194e-bf29-4581-9ed4-c2cb74702e17	P005	SalA027	2024-08-11	381797.39	Class C	Sales AM 1
c6d4666f-2955-4bf3-9a6a-9c174e34307d	P005	SalA087	2024-08-11	153813.38	Class B	Sales AM 1
1b6b290e-9380-4332-aa79-5ff9461b1c8e	P002	SalA001	2024-08-11	66082.82	Class A	Sales AM 1
1c8aa3ce-c85c-465a-a4ba-d833dd576d88	P004	SalA008	2024-08-11	94828.99	Class A	Sales AM 1
d74ab363-6447-4056-9a94-c1a646200e29	P004	SalA039	2024-08-11	414326.14	Class A	Sales AM 1
5aa32ed7-d2ff-47b4-853a-95ec85ad6b4b	P001	SalA007	2024-08-12	464447.99	Class C	Sales AM 1
1853e68a-f323-460c-9906-04e4e28a8e7d	P003	SalA011	2024-08-12	470717.78	Class A	Sales AM 1
7c83cca4-29a1-4b61-9a92-d635fd906ca9	P001	SalA016	2024-08-12	421994.86	Class C	Sales AM 1
844e7dc4-655a-4bc8-ad15-c6746b92053e	P003	SalA073	2024-08-13	166189.11	Class A	Sales AM 1
ed4b0aa4-e3c2-4ae4-bb65-2e00ffb94168	P003	SalA098	2024-08-13	389033.01	Class B	Sales AM 1
145018ab-34de-4757-98c5-7b08b38a0271	P002	SalA003	2024-08-13	20562.33	Class C	Sales AM 1
faf3a71c-ea19-4a6a-b1c9-80c64206865a	P001	SalA058	2024-08-13	249904.84	Class A	Sales AM 1
383a7699-9bec-472a-8455-713bcfe13720	P004	SalA064	2024-08-13	156348.61	Class A	Sales AM 1
9d95d68f-dbb1-4946-ba2e-9f2a0b7bcad7	P003	SalA024	2024-08-14	239040.1	Class A	Sales AM 1
010e35f0-25d3-4e1a-be8e-5074da3a8dac	P004	SalA082	2024-08-14	476683.28	Class C	Sales AM 1
95770540-6165-4bda-a7ec-76578d8974c5	P002	SalA050	2024-08-14	357870.05	Class B	Sales AM 1
0df52a68-c145-4990-8d1f-673259e56da9	P004	SalA063	2024-08-14	13884.38	Class A	Sales AM 1
2956535e-2f7c-4119-8a6e-508841ca12cf	P005	SalA013	2024-08-14	432170.22	Class C	Sales AM 1
6aaae8eb-5505-4ba2-9f0d-554076e64a40	P004	SalA062	2024-08-14	181935.31	Class B	Sales AM 1
84d03bf1-1697-4664-928e-baf50701f05e	P004	SalA064	2024-08-15	61158.79	Class C	Sales AM 1
6802024c-1929-43c3-b3cf-46aebfc38651	P001	SalA089	2024-08-15	242459.47	Class C	Sales AM 1
ff18503c-8d71-4743-9fc7-d4601f5fde50	P002	SalA012	2024-08-15	135474.21	Class C	Sales AM 1
3f256fb5-c935-4455-b12c-6d4f892a893c	P001	SalA059	2024-08-15	134797.94	Class A	Sales AM 1
04193548-6d99-4e03-808c-cdaa9097e5a0	P002	SalA003	2024-08-15	298223.15	Class C	Sales AM 1
da906582-d656-4ec8-8369-af8293a15dd9	P001	SalA049	2024-08-15	175034.25	Class A	Sales AM 1
8115e9d1-5747-4872-95f3-bf1279a0abeb	P003	SalA069	2024-08-15	107929.26	Class C	Sales AM 1
f1064373-774f-4cb7-b30e-7c314e967c9a	P004	SalA015	2024-08-16	410352.05	Class A	Sales AM 1
c5995338-03f5-48a4-b0f9-285a70ea8a9f	P005	SalA021	2024-08-16	133463.48	Class B	Sales AM 1
41e4ac56-fa9f-4f67-9698-df0296bc734e	P005	SalA039	2024-08-16	384564.24	Class C	Sales AM 1
62260a40-9f18-4358-be2b-6f07f9b3e5d4	P003	SalA059	2024-08-16	397636.41	Class B	Sales AM 1
9b62c1e1-4e29-47fb-aa2a-fd513c7e4866	P001	SalA054	2024-08-17	63058.54	Class B	Sales AM 1
ff6247fe-3eee-4729-abda-ed428ff962c6	P003	SalA024	2024-08-17	180111.64	Class B	Sales AM 1
0f9540c1-8d5b-4036-b126-d7c3a3990551	P002	SalA015	2024-08-17	39917.29	Class C	Sales AM 1
216626e9-741a-4df7-aa0a-8f37b484246e	P004	SalA006	2024-08-18	318349.21	Class A	Sales AM 1
c5215014-fc39-45d0-9c38-f9280123cb1e	P005	SalA022	2024-08-18	218246.23	Class B	Sales AM 1
4b0669f6-e376-4f94-8b3e-ae5527b10080	P005	SalA028	2024-08-18	257503.25	Class C	Sales AM 1
a4b70e3a-1db6-4aa7-9a7a-8377a9ed45bb	P002	SalA036	2024-08-18	251792.45	Class C	Sales AM 1
9019d837-f672-4ba3-a71a-e043d00acb24	P001	SalA024	2024-08-19	172998.5	Class B	Sales AM 1
da9c881a-0428-47a7-9ec9-59757434a926	P005	SalA069	2024-08-19	218191.26	Class A	Sales AM 1
6cb38773-4d29-4c99-9d24-62e7b5eb3b54	P005	SalA098	2024-08-19	116263.89	Class B	Sales AM 1
84f0b2a8-825f-495a-acd1-11a444af1349	P003	SalA009	2024-08-19	262720.82	Class C	Sales AM 1
764142e8-ce5b-487a-b7f2-e06989783b54	P005	SalA064	2024-08-19	25280.78	Class A	Sales AM 1
2743e0b7-13d7-4d74-a6aa-0027d1973cd6	P004	SalA008	2024-08-20	412320.07	Class A	Sales AM 1
01329a7b-4e7c-4c40-a477-821d4cb8b04d	P001	SalA056	2024-08-20	156995.79	Class B	Sales AM 1
3a175080-54d2-43a2-ad49-15cc1d43e8a9	P002	SalA013	2024-08-20	104103.85	Class C	Sales AM 1
5450d0c8-e28e-4d49-9aad-e3c0e094df87	P003	SalA017	2024-08-20	91739.77	Class A	Sales AM 1
7ecc551a-1452-4964-8902-4e0d53501a0d	P003	SalA052	2024-08-20	474325.44	Class A	Sales AM 1
c99f24bd-a9a0-48f2-bfb1-4557da82dd7a	P001	SalA003	2024-08-21	47854.45	Class C	Sales AM 1
43241cc3-dfd0-49b7-8544-276d90e91f0d	P005	SalA013	2024-08-21	143727.97	Class A	Sales AM 1
6fa659c6-68b1-44a0-85c1-eab5f9882f17	P004	SalA054	2024-08-21	136309.72	Class B	Sales AM 1
b40fb4d2-494f-48b6-82d7-54c3532fce29	P005	SalA056	2024-08-21	352243.83	Class B	Sales AM 1
2fb70cc4-5d9c-4c44-924e-394cbeb28b32	P003	SalA014	2024-08-21	267930.84	Class A	Sales AM 1
11022e75-cb4f-4995-943e-854249d3805e	P004	SalA022	2024-08-22	463864.34	Class A	Sales AM 1
135bd389-92d6-4f27-88f9-78f9db88ab60	P003	SalA062	2024-08-22	227071.75	Class B	Sales AM 1
182d7fcd-81c8-4135-a88d-81e47a42be46	P002	SalA077	2024-08-22	348691.93	Class A	Sales AM 1
5c35e084-9191-4aaa-b9a5-8ec7089e966f	P005	SalA024	2024-08-22	266122.73	Class A	Sales AM 1
496537ab-7efd-4aa4-9c27-e6de125a08a6	P002	SalA029	2024-08-22	382197.22	Class B	Sales AM 1
464a3300-9535-4dac-82a5-05cfc16f58fe	P004	SalA010	2024-08-23	401171.07	Class B	Sales AM 1
18a16f4a-b59c-4d78-a29a-e97e9aac6a68	P002	SalA052	2024-08-23	135168.96	Class C	Sales AM 1
43ac1e06-7e71-4ef3-a97c-c57d6647e86f	P003	SalA059	2024-08-23	141718.1	Class B	Sales AM 1
c351ea62-b8ce-4b8b-87d2-7401f7e65b74	P005	SalA052	2024-08-23	185218.16	Class A	Sales AM 1
f3cbdd33-677c-4978-adeb-b639d2b34e73	P004	SalA057	2024-08-23	447186.97	Class A	Sales AM 1
b3109ecd-e378-4235-bb79-19eb1a726b40	P001	SalA005	2024-08-24	317358.68	Class C	Sales AM 1
ffdd4004-bbd9-46da-b14e-33901dddd267	P005	SalA019	2024-08-24	224739.38	Class A	Sales AM 1
4fbaeec4-e57d-4df5-9830-69dd1cb3bd48	P001	SalA057	2024-08-24	90156.47	Class C	Sales AM 1
e25962b5-cd96-4b27-a4c6-c62d37e24bd7	P003	SalA068	2024-08-24	324972.72	Class C	Sales AM 1
537145c4-1725-453c-bbca-d255a8207b51	P005	SalA044	2024-08-25	361921.6	Class A	Sales AM 1
5d0a9f0a-c63e-4c99-9081-ef696e3114cd	P003	SalA093	2024-08-25	210971.18	Class C	Sales AM 1
b547d688-16f1-47c1-9cce-67009d66e7b0	P003	SalA097	2024-08-25	222198.25	Class A	Sales AM 1
f734f70d-195e-41ab-af34-6841d4f236f6	P001	SalA069	2024-08-25	47702.11	Class C	Sales AM 1
b2d00682-d25e-40a1-977c-74329221254d	P003	SalA064	2024-08-25	13234.95	Class A	Sales AM 1
ebff9d30-f356-4ced-ab94-0d4fcd4e0485	P002	SalA011	2024-08-26	405232.47	Class C	Sales AM 1
d8fc940c-63e2-408e-bb2f-3837cdd32d5f	P002	SalA058	2024-08-26	385009.52	Class A	Sales AM 1
36fbb3f2-d8e0-4e7f-9dc9-4472511ccb7a	P003	SalA085	2024-08-26	458419.8	Class C	Sales AM 1
0f7da9b0-e372-4d60-a654-6046d3cc7e6c	P002	SalA040	2024-08-26	17027.44	Class B	Sales AM 1
6a3cdaae-0c1c-4d35-812b-da018a96713d	P001	SalA010	2024-08-26	127187.87	Class A	Sales AM 1
84d5079f-e948-4b0d-b8da-d8c227ab16fe	P004	SalA061	2024-08-26	434143.24	Class A	Sales AM 1
e29d7515-8803-4953-8de0-7782fef691fe	P001	SalA069	2024-08-27	352174.45	Class A	Sales AM 1
bf5cb928-20f7-47ed-a9dc-69658bec6188	P004	SalA002	2024-08-27	193010.35	Class A	Sales AM 1
b5a52c30-185c-45a1-b7a8-fe75d9457fdb	P005	SalA017	2024-08-27	211762.27	Class B	Sales AM 1
9799f640-d3f2-4a69-8337-e764219d637b	P001	SalA055	2024-08-27	461055.51	Class C	Sales AM 1
a7055d7a-99a1-4807-9dfe-30cf0241cf49	P005	SalA016	2024-08-27	284684.95	Class A	Sales AM 1
505be26f-3233-45ce-9288-8fd33af0cacb	P003	SalA026	2024-08-28	397245.05	Class B	Sales AM 1
9ba266a8-6864-4c4f-bd19-ce172831a61e	P001	SalA047	2024-08-29	423087.23	Class A	Sales AM 1
082fc36e-1e49-4908-93b3-0d52cd561128	P001	SalA067	2024-08-29	65257.22	Class B	Sales AM 1
45e87da0-1ed9-42d8-aa8b-496c730b938b	P004	SalA068	2024-08-29	89915.97	Class A	Sales AM 1
40b9a0fe-be4b-48e7-a876-03bc3096fd40	P002	SalA055	2024-08-29	140301.02	Class A	Sales AM 1
246aedda-713a-4484-8e02-57d062fb7726	P002	SalA054	2024-08-30	166711.15	Class A	Sales AM 1
60d10f1b-96d0-446f-a9eb-56f5e3e4cb0f	P002	SalA028	2024-08-31	36051.19	Class A	Sales AM 1
e7b0dd97-5800-448d-912d-dccd590ecac3	P003	SalA042	2024-08-31	73505.33	Class B	Sales AM 1
50f47300-0850-4df7-9fff-f55a74000be9	P004	SalA048	2024-08-31	304971.46	Class C	Sales AM 1
9147983e-d266-4419-a825-f568a0937132	P003	SalA056	2024-09-01	84839.57	Class B	Sales AM 1
d526fe71-ad62-48dd-a45f-3dbab90a5c1d	P005	SalA051	2024-09-01	318557.55	Class B	Sales AM 1
88f9f2a5-96a0-44da-8b75-151217fe51de	P002	SalA032	2024-09-02	410875.34	Class A	Sales AM 1
e4494cfc-c2c7-4fcc-9450-64bb7b437c01	P001	SalA039	2024-09-02	63208.66	Class C	Sales AM 1
dca66cbf-91b0-4862-a7ae-70fcc5c73733	P005	SalA052	2024-09-02	80159.89	Class B	Sales AM 1
d88e2855-071f-4bbd-b11e-740e1561893d	P002	SalA001	2024-09-02	482583.93	Class A	Sales AM 1
28aaf553-05ab-48c9-a953-dfa887eb77eb	P002	SalA044	2024-09-02	432257.85	Class A	Sales AM 1
ea086d59-abbe-459c-9eec-ee15d936671d	P003	SalA013	2024-09-03	309780.79	Class A	Sales AM 1
4aa5348e-8df7-4dcd-9886-8eedeeb8a963	P004	SalA003	2024-09-05	334560.62	Class A	Sales AM 1
a93647e9-e0c2-4846-bdda-ebff95ff2c1f	P003	SalA015	2024-09-05	332444.13	Class C	Sales AM 1
926fb16c-30de-436a-a33d-7bf3773ea3a6	P001	SalA055	2024-09-06	269163.57	Class A	Sales AM 1
ad6d1dc6-70f0-4bf7-845e-2ae697b4bf11	P003	SalA005	2024-09-06	192298.97	Class B	Sales AM 1
ac108928-bdee-4570-846f-3a28520de9bf	P003	SalA037	2024-09-06	293994.11	Class B	Sales AM 1
21e598e7-23c6-412e-8a9d-a60bba58a379	P004	SalA041	2024-09-06	205306.63	Class C	Sales AM 1
2ae89ddd-d8a0-4bcc-91f1-9cfcb3ec68a8	P004	SalA051	2024-09-06	381656.6	Class A	Sales AM 1
fa76daac-41b2-4f67-9e62-ee3d64d93571	P005	SalA007	2024-09-07	216370.91	Class B	Sales AM 1
d83ac31e-affc-4419-b125-b3348fe142ad	P002	SalA017	2024-09-07	10454.07	Class A	Sales AM 1
60a837b6-44da-4302-b679-56376fb83a39	P003	SalA057	2024-09-07	276638.14	Class B	Sales AM 1
43f70393-7c91-4a4f-87c7-2f22a9b54a2a	P003	SalA069	2024-09-07	306584.93	Class C	Sales AM 1
8a4e4250-3e2f-4b75-b21a-883b31c4db37	P001	SalA071	2024-09-07	116289.58	Class C	Sales AM 1
b9b99c90-a19f-4197-9c3e-b0de7905f3db	P002	SalA045	2024-09-07	106746.99	Class B	Sales AM 1
0a6dafaa-2c0b-4a00-ad7d-2bafbeabdb46	P001	SalA002	2024-12-02	299993.08	Class B	Sales AM 1
e744a549-e92f-47aa-ba72-f58e335062ac	P001	SalA030	2024-09-08	328753.45	Class A	Sales AM 1
158abb1d-3a25-450f-b312-5416be480c26	P003	SalA028	2024-09-08	330269.15	Class B	Sales AM 1
400ca2e1-6787-4e48-876f-6a0435970658	P003	SalA012	2024-09-09	53807.57	Class B	Sales AM 1
46055bda-cc95-4886-b982-f0222a12bcb4	P003	SalA033	2024-09-09	91193.2	Class C	Sales AM 1
806a3e2d-e835-41fa-969d-226e5e0f07ad	P003	SalA070	2024-09-09	321588.67	Class C	Sales AM 1
69c9628c-e60a-43f3-b0b8-32a2f3e75ed4	P005	SalA004	2024-09-09	334207.82	Class B	Sales AM 1
cd4e64b7-8d4e-4d86-a11a-2450f4d85f13	P004	SalA064	2024-09-10	359276.43	Class B	Sales AM 1
b3675d5f-f24c-4d99-bffe-165b6c9adb86	P005	SalA020	2024-09-10	210772.9	Class C	Sales AM 1
515fb865-695e-49a1-a100-b39030b25223	P002	SalA053	2024-09-10	104777.09	Class C	Sales AM 1
3400e28b-d38d-47e0-8e48-38c3b943ee3f	P003	SalA049	2024-09-11	444227.24	Class C	Sales AM 1
034a603c-6b56-4e8a-b248-068e70ca7062	P005	SalA017	2024-09-12	134132.48	Class A	Sales AM 1
ac162aa9-f7bc-4227-bbc6-7d933a8341df	P004	SalA072	2024-09-12	475860.86	Class A	Sales AM 1
0bdcedaf-3088-4789-aaf6-64eb26331241	P001	SalA039	2024-09-12	189771.93	Class A	Sales AM 1
fde4da26-bdf8-4bb9-94f8-c36bfcfc7b9c	P001	SalA044	2024-09-12	353870.01	Class B	Sales AM 1
ed4b1b50-7f66-4353-903a-1d1e32b14206	P002	SalA074	2024-09-13	130361.32	Class B	Sales AM 1
f08a2fac-4968-4b86-8af6-85ad0f4579f1	P005	SalA020	2024-09-13	498010.21	Class A	Sales AM 1
23e54aac-471b-4125-8b24-fac9c6c10eb0	P002	SalA030	2024-09-13	338778.31	Class B	Sales AM 1
55a1485c-f9cb-4189-8920-bc66357f72a9	P002	SalA062	2024-09-13	234984.12	Class B	Sales AM 1
d657d033-a4c1-4230-b2fd-04b412d71971	P005	SalA024	2024-09-14	250571.06	Class A	Sales AM 1
d9bef121-bd2e-4ddb-8591-4c9c7f2fb0e9	P003	SalA068	2024-09-14	94224.41	Class A	Sales AM 1
1d1f9421-ec8d-4d3d-b951-3e9273f9811e	P005	SalA029	2024-09-15	122670.74	Class C	Sales AM 1
b2f3f138-6d98-4810-b6a7-0a2674d46996	P003	SalA019	2024-09-15	271730.2	Class B	Sales AM 1
4c1f05b1-458c-4ace-bf88-c064026da518	P004	SalA037	2024-09-15	427067.92	Class C	Sales AM 1
cb35b983-a65b-4a55-81dd-deea5c447698	P005	SalA047	2024-09-15	276413.11	Class A	Sales AM 1
3b5939f6-281b-4c2f-9f2b-b40f5e632479	P005	SalA047	2024-09-15	440007.06	Class A	Sales AM 1
25392a18-59f5-4f7a-848e-2473055f3d73	P003	SalA014	2024-09-15	68332.09	Class C	Sales AM 1
a3de9f6f-d30c-4f36-8746-45d2759657dc	P002	SalA002	2024-12-12	120244.89	Class C	Sales AM 1
6bdbb8e9-aac4-489d-b005-76d7a52bd89c	P002	SalA043	2024-09-16	316423.71	Class C	Sales AM 1
a8158c8e-445c-42f0-a350-0637ce66daf8	P005	SalA069	2024-09-16	142374.57	Class C	Sales AM 1
5999ba3d-49aa-4691-8393-ebfb9e965d5f	P004	SalA043	2024-09-17	81102.82	Class B	Sales AM 1
039f5b20-f580-4fa5-af9f-a51f8bb3f806	P004	SalA026	2024-09-17	340058.78	Class C	Sales AM 1
b83bf461-c8dc-4370-886e-516937f32131	P005	SalA030	2024-09-17	191331.79	Class C	Sales AM 1
1c94f15f-cb9c-4945-bbbd-462905588c28	P003	SalA021	2024-09-18	127486.73	Class A	Sales AM 1
50b85d1d-5717-42ab-82da-277a3a0f22b2	P002	SalA035	2024-09-18	209468.74	Class A	Sales AM 1
b38e09de-2249-4c9c-a157-60062d95f2e1	P004	SalA050	2024-09-18	421602.64	Class A	Sales AM 1
f2650495-d4cb-4b51-ad2e-671503fa2048	P001	SalA096	2024-09-18	106459.92	Class A	Sales AM 1
42b86239-8eba-4ac5-9829-47e9884b93e1	P005	SalA054	2024-09-18	468178.37	Class B	Sales AM 1
6f063430-18d9-4e6f-93e7-e4cbe539cf04	P001	SalA001	2024-09-19	117171.81	Class B	Sales AM 1
2855fd0a-74de-424b-a835-66b8cf1e6b24	P005	SalA051	2024-09-19	424369.87	Class B	Sales AM 1
6daa744f-0743-41d2-b67c-a585d6382088	P001	SalA059	2024-09-19	457568.29	Class B	Sales AM 1
6780ca28-7e0d-417f-9d56-590fce4d6db5	P002	SalA006	2024-09-19	308266.94	Class B	Sales AM 1
c642b3ce-942e-45e0-a194-887c9b0375d7	P005	SalA022	2024-09-19	25529.55	Class B	Sales AM 1
6da4860e-bfdc-4b82-95c4-bc12a0c5741a	P002	SalA004	2024-09-19	380624.61	Class C	Sales AM 1
b504de87-4f97-4a3d-a714-e0274bedd851	P003	SalA040	2024-09-19	115201.29	Class A	Sales AM 1
9bf05142-2fef-4f6a-ab55-5f92350d5a5b	P005	SalA093	2024-09-20	242863.02	Class C	Sales AM 1
079159e5-15e1-4c1c-be90-c7917048e7cc	P001	SalA097	2024-09-20	187756.31	Class A	Sales AM 1
0b3f0c1e-c5be-46b0-8303-aa03f8a1aa59	P002	SalA037	2024-09-20	290948.17	Class C	Sales AM 1
a0c33cb3-99d7-4248-85fd-49ece812eee5	P005	SalA050	2024-09-20	195586.61	Class A	Sales AM 1
4f640054-4734-4cb7-83b9-d5b0866e90f1	P004	SalA070	2024-09-20	83947.87	Class C	Sales AM 1
68b539a7-366e-4bdd-ba8b-52b5dfb2e6e5	P004	SalA083	2024-09-21	38430.34	Class B	Sales AM 1
d428d060-4982-45f0-99cf-add65d34da8d	P003	SalA021	2024-09-21	369913.17	Class A	Sales AM 1
d884d30d-939d-4fbd-b16f-700399abff6d	P003	SalA051	2024-09-22	363077.73	Class A	Sales AM 1
0b030801-9e53-4bb5-ade4-64c596b5fa01	P003	SalA004	2024-09-23	393778.53	Class A	Sales AM 1
256867ec-30a3-4fb8-8e76-e1ced13ad837	P001	SalA075	2024-09-23	425323.29	Class B	Sales AM 1
4860deb8-cda4-4483-b958-ce813d8e5c51	P003	SalA007	2024-09-23	306756.17	Class C	Sales AM 1
d2fbf220-9d9b-4897-bd89-c8f19e25b8e9	P003	SalA030	2024-09-23	252197.93	Class A	Sales AM 1
5ce209df-152a-4218-a2ec-123215d6b9b7	P004	SalA018	2024-09-23	366596.38	Class C	Sales AM 1
a8c2a5c4-28ef-49bf-be34-c2202b8867f6	P005	SalA075	2024-09-24	331287.71	Class A	Sales AM 1
ba2332dd-bfbe-4684-94e1-48e0b97fb6cf	P004	SalA065	2024-09-24	154926.08	Class B	Sales AM 1
dba8eef0-1262-427b-b159-ac9c89757488	P002	SalA001	2024-09-24	283668.11	Class B	Sales AM 1
db61b3eb-c40a-47f6-b931-ed475ac375d6	P001	SalA013	2024-09-25	469517.62	Class C	Sales AM 1
26e98e1d-7971-4c2c-bd35-04407ac05c2d	P001	SalA080	2024-09-25	67267.21	Class A	Sales AM 1
790deaa3-a9c1-4d13-9d63-20ee0dab39d9	P003	SalA036	2024-09-25	347293.47	Class A	Sales AM 1
0741f27b-e06f-47ac-85bf-c374a0919526	P003	SalA032	2024-09-25	320619.83	Class B	Sales AM 1
2a600322-e4f0-4ee4-99db-c29aafa53634	P001	SalA036	2024-09-26	48636.74	Class A	Sales AM 1
f7cdc398-679f-4547-a3e7-03bc92a9424a	P005	SalA081	2024-09-26	424419.89	Class A	Sales AM 1
6e9e2fc2-b3df-4b10-a0d3-4776c83529ec	P004	SalA023	2024-09-26	158515.85	Class A	Sales AM 1
2dfce138-4d05-4b9d-9c7e-ae7bad58aff6	P005	SalA007	2024-09-26	177517.19	Class C	Sales AM 1
17cdf68c-93b0-4403-ad79-d37bc261b949	P002	SalA069	2024-09-26	302988.21	Class A	Sales AM 1
6606f3f2-1e0a-44d2-80ff-432596cc8644	P002	SalA036	2024-09-27	402530.3	Class B	Sales AM 1
31d75209-6523-4df9-ac5f-2403da4b6fcc	P003	SalA048	2024-09-27	336749.9	Class A	Sales AM 1
7da7cd9e-0be8-49f3-92a2-6c9520f7e78d	P005	SalA066	2024-09-28	176102.24	Class A	Sales AM 1
7af1d7ff-374e-41d8-aed9-c9c7a3e731b2	P005	SalA031	2024-09-29	143538.75	Class C	Sales AM 1
42f9a417-1340-4bd7-9525-c25468dd43a5	P001	SalA018	2024-09-30	287694.15	Class A	Sales AM 1
94b04aac-ab57-4ebd-9da4-f254dc90b07d	P001	SalA022	2024-09-30	41855.13	Class B	Sales AM 1
1d6d7124-f166-425b-848c-e93c6480f11f	P005	SalA087	2024-09-30	228585.34	Class A	Sales AM 1
0fb73964-6503-49da-b1bf-d05f4cd8c30e	P001	SalA019	2024-09-30	335468.85	Class A	Sales AM 1
a5a7c2f5-8057-45b3-a1fc-8beaf2321590	P005	SalA021	2024-09-30	281439.52	Class B	Sales AM 1
5e0e97a6-a36f-4e02-87c7-31f47398b4fb	P005	SalA032	2024-09-30	430530.34	Class B	Sales AM 1
78314730-1cd6-49ba-b378-aaaeb8f6b0e3	P002	SalA043	2024-09-30	249408.31	Class A	Sales AM 1
55b63fb3-62e1-4e6b-bbcc-59a20c7099c1	P002	SalA047	2024-09-30	38328.73	Class B	Sales AM 1
ffdef323-0e81-45f9-87ea-88a253b189a4	P001	SalA068	2024-09-30	196777.99	Class B	Sales AM 1
91ff52c6-9bda-4f2f-8c1c-fa1cd0437ba1	P003	SalA020	2024-10-01	284880.59	Class A	Sales AM 1
6d080bfb-3bd2-47af-be66-03d3fd4076b4	P004	SalA039	2024-10-01	457843.64	Class B	Sales AM 1
6f50ecc9-5f9c-4457-8aed-c94d6a874e15	P005	SalA040	2024-10-01	482786.09	Class B	Sales AM 1
29ee8a72-40fc-49aa-af82-91a217e654c6	P001	SalA066	2024-10-01	104974.29	Class A	Sales AM 1
cdbf8337-d13f-4dfd-96a5-509d7451bba8	P005	SalA007	2024-10-02	153914.91	Class A	Sales AM 1
eaacbe37-50f1-4f99-a6d4-73260d077489	P004	SalA025	2024-10-02	358292	Class B	Sales AM 1
68d44de8-f7f1-4aa1-ae84-8f2c6e04e805	P004	SalA034	2024-10-02	192087.12	Class B	Sales AM 1
dbf84aff-0846-4a00-b3fe-9818a65c4434	P005	SalA045	2024-10-02	132692.84	Class A	Sales AM 1
c4a9bbbc-a537-4750-9d6a-957e53ee5450	P001	SalA059	2024-10-02	222730.57	Class A	Sales AM 1
419bef05-ae5e-4642-87c9-60b732d32655	P004	SalA073	2024-10-02	222287.77	Class C	Sales AM 1
710bed93-de2d-47bb-8489-b771dc2bb489	P003	SalA012	2024-10-03	404923.77	Class A	Sales AM 1
50890cde-ee55-4a25-8710-1fc054144996	P005	SalA081	2024-10-03	271031.55	Class A	Sales AM 1
a3f95f37-02b3-4911-89c3-d2123e7fb24f	P003	SalA030	2024-10-03	339548.24	Class C	Sales AM 1
41da43bd-fb13-426e-879a-5168eb621708	P002	SalA014	2024-10-03	90770.95	Class C	Sales AM 1
2ec6a1ce-48f0-4211-a426-66bc62f4864b	P005	SalA084	2024-10-04	195453.72	Class C	Sales AM 1
f909a07c-52a8-4157-aeb0-650f42214d9c	P002	SalA024	2024-10-04	231909.42	Class B	Sales AM 1
25223370-4e8a-4b43-bdf9-26b6484f1c86	P002	SalA022	2024-10-04	459167.54	Class A	Sales AM 1
461c27d0-cf0e-4220-a96d-73ea26530179	P002	SalA029	2024-10-04	188115.28	Class A	Sales AM 1
43f5c29b-cc90-4e36-9b53-9811d958ff90	P002	SalA015	2024-10-04	433981.02	Class B	Sales AM 1
32e4470a-cbd7-437a-8923-a61bea8d9d79	P005	SalA054	2024-10-05	365572.06	Class C	Sales AM 1
4bb36670-e2ad-4592-a070-7cd35da939b1	P002	SalA007	2024-10-05	408365.56	Class A	Sales AM 1
052b9b2c-f064-4dc0-b4ab-40a49573c2d0	P005	SalA040	2024-10-05	385497.4	Class C	Sales AM 1
a8b1503a-12c7-4ab6-bc30-4b0ff489bbc2	P001	SalA064	2024-10-06	221593.63	Class B	Sales AM 1
a90dca28-74f4-4537-abbe-543f851561c0	P003	SalA082	2024-10-06	463889.78	Class A	Sales AM 1
c01ba59c-ff29-4549-a0e9-1d46138a2732	P004	SalA017	2024-10-06	222923.4	Class A	Sales AM 1
50110fa6-3ee6-467e-ad29-4e45143707a4	P001	SalA055	2024-10-06	394896.12	Class A	Sales AM 1
0684d171-06de-4be5-a3d7-be6332cb65d4	P002	SalA026	2024-10-07	382675.08	Class C	Sales AM 1
4c6daefd-51bd-4019-8cef-75a97c786fbd	P004	SalA023	2024-10-08	393729.66	Class B	Sales AM 1
cd491ba3-d3ba-4466-a1a2-d3ec077349ea	P004	SalA057	2024-10-08	154125.54	Class A	Sales AM 1
c69ac4b6-da05-44d2-bfc8-5f248343cfa2	P001	SalA062	2024-10-08	334789.58	Class B	Sales AM 1
15e8ff75-b651-4204-933e-2ea9789e9ab1	P004	SalA050	2024-10-08	272866.66	Class A	Sales AM 1
a9ad7be6-3eb4-40d0-a72a-e367fa61bc30	P002	SalA003	2024-10-08	246648.34	Class A	Sales AM 1
014940de-d0b0-4c34-aee2-4c77a9529c3d	P001	SalA060	2024-10-08	271629.03	Class B	Sales AM 1
08f72503-40cc-4052-9ebf-e65995a944b4	P004	SalA079	2024-10-08	305869.33	Class C	Sales AM 1
f909cc59-013c-41cf-9913-6ef6cebf2aa8	P001	SalA001	2024-10-09	422873.33	Class C	Sales AM 1
bcf97fcd-39c5-4337-8203-9622dfdad0a7	P003	SalA056	2024-10-10	80142.98	Class C	Sales AM 1
f20209a8-ace3-4140-b91f-3486161f0b65	P003	SalA061	2024-10-10	64794.25	Class A	Sales AM 1
bff74328-a879-412d-a1ea-a1e18ad54d36	P002	SalA068	2024-10-10	454936.78	Class C	Sales AM 1
4503cdad-1894-4eb0-8af1-03663a799a40	P002	SalA026	2024-10-10	219417.85	Class C	Sales AM 1
a3b9d9b0-8624-4fd1-ad41-bb73887bfb40	P003	SalA048	2024-10-10	280330.88	Class C	Sales AM 1
5f60af0c-07c3-4bec-b708-116577085fa6	P001	SalA077	2024-10-10	351574.19	Class C	Sales AM 1
b84d2cae-0b85-4804-8035-ade3bfbcd4d7	P004	SalA056	2024-10-11	166806.37	Class C	Sales AM 1
2c970af8-dabe-472e-b0a9-64c7d40b54b2	P004	SalA093	2024-10-11	426803.66	Class B	Sales AM 1
078e55a0-c848-42ce-82fe-ec5df8f67690	P005	SalA065	2024-10-11	119736.69	Class A	Sales AM 1
fa5094e6-a6fc-4260-801c-70a385d20e50	P003	SalA053	2024-10-11	139523.46	Class A	Sales AM 1
e5fe5ca4-9af7-4e84-b3a6-b583a22bcf38	P003	SalA028	2024-10-12	339939.16	Class C	Sales AM 1
82199d61-4b8f-4bbb-bef0-d8079d819143	P004	SalA083	2024-10-13	319636.66	Class B	Sales AM 1
7791274c-d83e-48b1-9e16-42f4a90665e6	P002	SalA039	2024-10-13	255605.14	Class B	Sales AM 1
637917ee-e526-4d5a-82b8-f7599efe5d48	P001	SalA067	2024-10-13	78448.5	Class C	Sales AM 1
cd7df4b0-ee15-4df0-a2e1-fb58ef4f84c9	P005	SalA010	2024-10-14	271886.25	Class B	Sales AM 1
9d091359-9fd3-47dd-8665-672db7440e0d	P004	SalA012	2024-10-14	191187.9	Class B	Sales AM 1
f1b42632-1df1-4c02-bfe3-2c07dd0946eb	P001	SalA019	2024-10-14	358399.02	Class B	Sales AM 1
5041ad5d-23d5-4cb5-b6b0-78af2f7703d6	P002	SalA021	2024-10-14	263633.92	Class C	Sales AM 1
df7bfdb8-5558-406a-97ec-960f5d2f4324	P003	SalA042	2024-10-14	127175.11	Class B	Sales AM 1
0767401e-a1e4-4c22-a788-7fde0af28c8e	P001	SalA059	2024-10-14	478437	Class A	Sales AM 1
f6261106-7c0c-4626-b998-63b99780f7f3	P004	SalA094	2024-10-15	137327.59	Class C	Sales AM 1
7ea528ac-e6c3-4e5d-857d-02778eef8880	P004	SalA096	2024-10-15	50878.79	Class A	Sales AM 1
de4b7b26-4806-4670-be12-9a1381e7db13	P004	SalA001	2024-10-15	107354.66	Class C	Sales AM 1
a77769bc-a81e-40a6-8ebf-2752a219d2be	P005	SalA062	2024-10-15	181729.82	Class B	Sales AM 1
bf1dcb9b-1800-4de1-8a8d-d1893f7524f8	P005	SalA073	2024-10-16	320836.04	Class A	Sales AM 1
3d697e4a-f929-44a9-8084-3c2c27a4b725	P003	SalA046	2024-10-16	280540.26	Class A	Sales AM 1
f7feaa2a-fc34-409d-838c-bf08bc302c48	P005	SalA044	2024-10-17	328043.7	Class B	Sales AM 1
3613d74b-7080-40a7-bfbf-93ccbe97fcb4	P003	SalA017	2024-10-18	103553.17	Class A	Sales AM 1
e7428683-5f76-49e4-be4d-fb3f9b17bfec	P003	SalA020	2024-10-18	283735.33	Class C	Sales AM 1
a02397ef-9431-41da-b958-5d3eaf9f6e79	P004	SalA022	2024-10-18	199903.62	Class B	Sales AM 1
b361e157-7061-42cd-9393-8319ad3d7a17	P002	SalA023	2024-10-18	170854.78	Class A	Sales AM 1
035644d3-72a1-4606-82fb-a1d75ea3fc19	P002	SalA050	2024-10-18	73366.23	Class C	Sales AM 1
36a4791c-9338-425f-b433-903a786e14bd	P003	SalA067	2024-10-18	453409.37	Class B	Sales AM 1
2472b40c-3148-4a28-8c5a-1e3f118eada9	P002	SalA038	2024-10-19	32495.23	Class B	Sales AM 1
f3f5baa3-fd3a-4072-83e7-c2b371f3e3a5	P002	SalA093	2024-10-19	276537.78	Class A	Sales AM 1
02f98e8d-3d3f-4cb2-b2bd-d04d6db39565	P003	SalA034	2024-10-19	439212.02	Class A	Sales AM 1
58f26d4b-d345-4bff-83af-63104ef6483d	P001	SalA034	2024-10-19	492625.03	Class B	Sales AM 1
adef43e0-9c5c-45df-97cd-f5d8e8b8ee6a	P004	SalA073	2024-10-19	449101.32	Class A	Sales AM 1
1bd31853-9fd3-4a9b-b516-1e3cf2d5cd23	P005	SalA078	2024-10-20	243347.67	Class C	Sales AM 1
34ff2f54-9890-4e27-bf71-2ad87d5a1b67	P005	SalA092	2024-10-20	267513.46	Class C	Sales AM 1
da9968be-b200-4c44-8b72-a24b44ba3b34	P002	SalA041	2024-10-20	393086.19	Class A	Sales AM 1
bd34da41-d642-49ec-ab07-14b0e08f9da9	P005	SalA009	2024-10-20	319940.43	Class A	Sales AM 1
a9bb8031-8485-4172-9d7b-52e6dc9e4fbf	P005	SalA037	2024-10-20	182748.9	Class C	Sales AM 1
8bc1cc90-5ea1-41a6-a3ab-22c92423599b	P005	SalA053	2024-10-20	148940.52	Class A	Sales AM 1
e16df174-8971-4757-a2a3-f1927d6259a6	P004	SalA052	2024-10-21	433076.97	Class B	Sales AM 1
47c16a85-9b30-4769-adfb-63c9d075f7e4	P005	SalA063	2024-10-21	258683.74	Class C	Sales AM 1
b6427b57-7ad5-45ee-b11a-e2ad187d38b2	P004	SalA027	2024-10-21	339751.22	Class B	Sales AM 1
e59ac0fd-e511-446e-940f-e460c012df18	P005	SalA073	2024-10-21	424919.47	Class A	Sales AM 1
f33f6f4b-18f4-4557-8b06-c91f21bce7a1	P001	SalA042	2024-10-22	316159.46	Class B	Sales AM 1
58bcdff2-c662-48da-91e1-c1bc8142a95f	P005	SalA048	2024-10-22	183648.47	Class C	Sales AM 1
15fc757c-b1c1-487c-a7ca-dd102c09085b	P004	SalA023	2024-10-22	222063.13	Class C	Sales AM 1
a3323a47-c5e0-4338-866f-6896d352da0d	P005	SalA031	2024-10-22	359191.68	Class B	Sales AM 1
0db659f3-579b-4b8c-8eb9-db080e561268	P001	SalA039	2024-10-22	318816.6	Class A	Sales AM 1
9d0d12d4-5d83-4fc7-903d-3c464fddfc07	P005	SalA051	2024-10-22	253743.8	Class C	Sales AM 1
16943779-fa21-43b1-bfc4-a0224ddb823e	P003	SalA068	2024-10-22	488674.81	Class B	Sales AM 1
327fc63a-dfbe-4d26-b16f-d1c355d7241b	P004	SalA062	2024-10-23	23742.75	Class A	Sales AM 1
a2073194-cc86-4461-9b22-4d0381b33587	P001	SalA045	2024-10-23	311687.17	Class C	Sales AM 1
2b33a4d0-791b-4d69-a58f-eb2730758850	P003	SalA064	2024-10-24	478434.38	Class B	Sales AM 1
248c164c-94c0-46e9-a590-88e15bc64ef7	P005	SalA038	2024-10-25	495479	Class C	Sales AM 1
fb079e6b-8f59-4209-8063-73caf80dd0b9	P002	SalA052	2024-10-25	402895.97	Class A	Sales AM 1
c13f8e4a-7450-41da-8651-4b5d7f7e00cc	P001	SalA008	2024-10-25	423478.04	Class C	Sales AM 1
df4abf77-08f1-4a60-96e0-9b3a4365204b	P002	SalA048	2024-10-25	160537.53	Class C	Sales AM 1
10a36f36-1e2a-493a-81ac-eb3029fd8ce7	P005	SalA059	2024-10-25	10755.08	Class C	Sales AM 1
b37761ea-acd8-401a-a9e8-e924f8ff968f	P002	SalA001	2024-10-25	441124.25	Class C	Sales AM 1
de77a066-8ef2-4f69-8348-2c62da23fa71	P004	SalA060	2024-10-25	490509.71	Class A	Sales AM 1
09412efb-d95a-403f-8165-b8940a5f1085	P003	SalA076	2024-10-25	166891	Class A	Sales AM 1
4f990ca7-6a51-43f2-8c6b-02d28479b7de	P005	SalA055	2024-10-26	115709.43	Class A	Sales AM 1
adbc1cb8-b1d9-402b-bd27-8682eeba1cc3	P004	SalA075	2024-10-26	155380.19	Class A	Sales AM 1
65b38d0a-fe7b-4a1f-a471-e1ec26dba575	P001	SalA024	2024-10-26	70363.7	Class C	Sales AM 1
df681617-f678-449d-b3c1-584b72eee573	P005	SalA027	2024-10-26	300490.35	Class B	Sales AM 1
1e781296-3d9a-4523-ad0b-22a1711fd435	P004	SalA008	2024-10-27	293186.18	Class A	Sales AM 1
f8dd2454-e02c-4380-a211-fb2eae16f8d8	P004	SalA061	2024-10-27	450484.94	Class C	Sales AM 1
909cafce-9dd4-4331-b6dd-fb16b613b918	P001	SalA078	2024-10-27	265280.66	Class A	Sales AM 1
f2eea5d6-cb90-4340-8da4-1a67ae1c1090	P005	SalA040	2024-10-28	338707.34	Class A	Sales AM 1
274ff712-c937-40d0-9b74-415201bcf474	P004	SalA039	2024-10-28	486205.34	Class A	Sales AM 1
b8429782-d49e-49d1-b6f0-209bf0225534	P004	SalA026	2024-10-28	464632.91	Class B	Sales AM 1
04570f31-95fb-46a4-859c-9b7c3044021b	P005	SalA028	2024-10-28	144265.07	Class A	Sales AM 1
2042acac-c851-4c27-bd15-1cebfc6a9cb0	P001	SalA096	2024-10-29	69748.41	Class C	Sales AM 1
eabc5dfe-b093-4484-a859-92ecd6fee994	P005	SalA084	2024-10-30	87357.9	Class B	Sales AM 1
55cd5bd3-c061-4086-acba-7244b6d48e65	P001	SalA093	2024-10-30	19737.82	Class A	Sales AM 1
73f3e06a-3079-41ae-8062-79bdba2531ad	P003	SalA055	2024-10-30	117884.63	Class B	Sales AM 1
5bcb642b-bdab-444a-8033-ea0f93cedd4d	P005	SalA078	2024-10-30	230489.12	Class C	Sales AM 1
f3183ec6-b73e-4386-860e-b37dc112a0ee	P005	SalA017	2024-10-31	66175.39	Class A	Sales AM 1
50e6a2ba-c505-4d1f-ab26-2b83207a5328	P003	SalA032	2024-10-31	460514.57	Class B	Sales AM 1
4c41069d-6672-4a61-822d-4e3204a914e5	P004	SalA075	2024-10-31	414542.15	Class C	Sales AM 1
c463c20e-bb9e-48ca-b1fa-ff124c5c7d1d	P001	SalA003	2024-11-01	395096.35	Class B	Sales AM 1
84933526-0e5a-4ba2-acdd-598e15d655d1	P005	SalA040	2024-11-01	366993.16	Class B	Sales AM 1
45ac5dfe-8d63-4b7c-8b24-9063435df6cc	P004	SalA060	2024-11-01	231903.39	Class A	Sales AM 1
a499136e-85e5-4332-b88e-347a4e2916e3	P004	SalA092	2024-11-01	229803.79	Class A	Sales AM 1
222b6bfb-3410-46dc-9c13-530bee3a6e6a	P004	SalA028	2024-11-01	154437.18	Class B	Sales AM 1
0b515b2c-5577-456a-8605-f832ad7e0a7e	P001	SalA017	2024-11-02	490911.87	Class B	Sales AM 1
5a06252f-0589-4ac3-8b28-347da8c9e33f	P003	SalA063	2024-11-02	41867.5	Class B	Sales AM 1
d34288f9-a124-43fc-81f4-08203a644a86	P002	SalA024	2024-11-02	231597.14	Class A	Sales AM 1
a03eeeda-be87-46d5-8b42-097cb6d9f45e	P004	SalA095	2024-11-03	296328.69	Class A	Sales AM 1
02982c3b-0616-485c-828e-b82caff474b1	P005	SalA010	2024-11-03	375609.32	Class C	Sales AM 1
da796bb3-1f00-427d-a57e-11a4b9253b18	P002	SalA023	2024-11-03	335328.63	Class B	Sales AM 1
61423a30-4f10-45c3-998b-2d66264ecd91	P002	SalA038	2024-11-03	280816.73	Class B	Sales AM 1
1a3f8b23-4034-462b-b9e4-c03725734625	P002	SalA063	2024-11-03	325311.16	Class A	Sales AM 1
ee53fe39-d2ce-47ee-a97a-bde7fcee6b4b	P004	SalA051	2024-11-04	98589.27	Class A	Sales AM 1
d9bbdf9d-a609-4dcf-93a5-18664c54a13a	P002	SalA071	2024-11-04	223086.57	Class B	Sales AM 1
1a3e30ce-b9a0-4768-9cba-5054d7048d98	P001	SalA026	2024-11-04	492212.18	Class A	Sales AM 1
af0c6364-9011-4a63-a334-44b11a5ce59b	P003	SalA029	2024-11-04	102043.44	Class A	Sales AM 1
e56bd44b-b7ea-46c0-a189-b771c2db698f	P005	SalA043	2024-11-04	292365.95	Class C	Sales AM 1
690e053a-c597-4a90-a012-7b57e91e7931	P004	SalA061	2024-11-04	442459.26	Class C	Sales AM 1
ea429f48-585e-4d86-9363-0312adba7dc5	P002	SalA041	2024-11-04	258115.35	Class A	Sales AM 1
c7580643-4f81-4a9d-9cef-c0c96d0de393	P003	SalA003	2024-11-05	361369.31	Class C	Sales AM 1
1344bb4a-bfba-4046-9d22-cd3e470b8032	P003	SalA031	2024-11-05	286634.92	Class A	Sales AM 1
f4d053c5-d8cf-466c-b6d6-f059db7eb714	P005	SalA060	2024-11-05	173166.49	Class B	Sales AM 1
fbc63c4c-152a-4004-9907-b844384d90ba	P005	SalA074	2024-11-05	225835.71	Class A	Sales AM 1
950a8fa3-47e6-4ff7-9180-252aeb288b63	P004	SalA031	2024-11-06	66395.21	Class C	Sales AM 1
5fa6fe1d-4035-4c44-8b47-9a307f38878b	P004	SalA043	2024-11-06	288031.59	Class C	Sales AM 1
1cd5df24-b5aa-4226-a0fe-f4198b10b557	P005	SalA067	2024-11-06	379042.2	Class A	Sales AM 1
892c7e75-3628-4554-9d7f-aaacd45aee7c	P004	SalA074	2024-11-06	264449.21	Class C	Sales AM 1
63e7df21-f459-4ab5-9d03-b354f4c16266	P004	SalA002	2024-11-06	443625.86	Class B	Sales AM 1
277ae544-34a6-4635-a6e4-5cd38783281c	P005	SalA044	2024-11-06	141086.91	Class C	Sales AM 1
4455c206-6aff-477d-b2dd-258a7c104992	P001	SalA057	2024-11-06	199979.34	Class B	Sales AM 1
c502cdbc-2570-4127-9780-9802f533ec9a	P003	SalA029	2024-11-06	228568.06	Class A	Sales AM 1
9e1c6761-de27-4d88-b4a4-bd535310d7ba	P005	SalA015	2024-11-06	348718.79	Class B	Sales AM 1
75ecada7-30a1-40c4-a60f-46de8d046954	P002	SalA032	2024-11-07	83460.81	Class A	Sales AM 1
fc453af9-0526-4bea-bbc1-443c62206393	P005	SalA032	2024-11-07	394093.59	Class C	Sales AM 1
9fbe043c-a8e8-432e-89df-4b229410a8f5	P003	SalA084	2024-11-07	204964.4	Class B	Sales AM 1
43a5c096-4a93-4a57-89b8-1a38460aa855	P002	SalA016	2024-11-07	314320.33	Class A	Sales AM 1
3eb6d061-cb2f-42c2-b623-8dbdfef7f88e	P003	SalA029	2024-11-07	171236.73	Class C	Sales AM 1
ebbfcf25-9b14-44a6-8b11-f1e9f8db1c3a	P005	SalA045	2024-11-07	218601.79	Class C	Sales AM 1
5c2e6199-0c80-4c00-9202-459fcd0c04d7	P005	SalA051	2024-11-07	362176.35	Class B	Sales AM 1
f3c7fe46-c351-4c22-b0e2-e90ec0a0dd32	P002	SalA069	2024-11-07	285018.46	Class B	Sales AM 1
5d54a545-4b63-4302-9563-16de8999ad7b	P002	SalA015	2024-11-07	52391.49	Class B	Sales AM 1
2738338c-679a-4699-8c76-2034394bdaa9	P005	SalA092	2024-11-08	347188.2	Class C	Sales AM 1
abca1284-e210-458f-94b6-6dfaf2465234	P004	SalA035	2024-11-09	325241.21	Class B	Sales AM 1
b3b35a15-1b3b-4742-9ab1-0455551bb353	P002	SalA050	2024-11-09	336501.28	Class B	Sales AM 1
e84f55fe-9c8f-431c-8e70-9408b2548d56	P002	SalA067	2024-11-09	160633.09	Class B	Sales AM 1
b2568b64-91ca-403a-860e-0bd42a5f78b7	P003	SalA025	2024-11-09	270517.26	Class C	Sales AM 1
5e8137d9-6a75-4359-9690-45123c760e3f	P004	SalA045	2024-11-09	327690.78	Class C	Sales AM 1
956ae934-c836-4120-bd88-4d242d0023ca	P003	SalA078	2024-11-09	128131.24	Class B	Sales AM 1
bcc44b46-5ddc-470b-9356-bcc99addab70	P005	SalA029	2024-11-10	496483.49	Class A	Sales AM 1
10d75473-009f-47f2-bcba-035310c58ecc	P003	SalA005	2024-11-10	363319.49	Class B	Sales AM 1
2b6e5194-5199-43b3-ba6a-a6536d24e0b9	P001	SalA064	2024-11-10	338208.75	Class C	Sales AM 1
669f4aa3-8192-41fb-b852-d7072282399c	P004	SalA017	2024-11-10	382200	Class A	Sales AM 1
9b146145-0047-4ab9-9020-5279a9ecfe68	P001	SalA030	2024-11-10	258525.75	Class C	Sales AM 1
29100698-0727-4345-9856-29efd5ff31e0	P004	SalA040	2024-11-10	476647.34	Class A	Sales AM 1
cd368f67-157c-4f0a-b389-b85a760ab270	P003	SalA052	2024-11-11	277801.56	Class C	Sales AM 1
3e204e2e-7a9c-420b-b973-d4f040ef4576	P001	SalA040	2024-11-11	94806.09	Class B	Sales AM 1
5d51ec0e-274b-4386-b820-2c795bba0591	P001	SalA046	2024-11-11	329095.05	Class C	Sales AM 1
a6c04be6-d762-40d4-9604-3bed1b94d7b8	P002	SalA007	2024-11-11	43204.82	Class A	Sales AM 1
20a3b756-f3e0-4255-8aab-a0b4751c9c90	P004	SalA016	2024-11-12	314916.26	Class A	Sales AM 1
cb4eca09-64e2-49ca-a755-4e189cb96547	P001	SalA079	2024-11-12	98760.01	Class C	Sales AM 1
2ac9484a-926e-4430-af07-2657945fe0e1	P002	SalA021	2024-11-12	36554.36	Class C	Sales AM 1
47e90acc-6476-4c3a-b238-17497c3125f8	P003	SalA008	2024-11-13	140282.27	Class B	Sales AM 1
9bbdd8c6-716c-4b98-96b8-db063a281711	P001	SalA039	2024-11-13	221840.69	Class A	Sales AM 1
575881fe-b554-467c-babd-51021d5e16b9	P005	SalA071	2024-11-13	465869.45	Class B	Sales AM 1
07875f03-7752-454e-acff-3d8870fd9c9f	P001	SalA010	2024-11-14	116526.67	Class B	Sales AM 1
fa7dd328-1b47-4109-a412-f8a44755da79	P005	SalA062	2024-11-14	289941.44	Class A	Sales AM 1
98db05c4-988c-4c29-b144-bd48bd5b189b	P005	SalA027	2024-11-14	192455.14	Class A	Sales AM 1
bd467aeb-12ef-4675-8697-4218376f7543	P003	SalA023	2024-11-14	498781.99	Class A	Sales AM 1
6c71fc57-2e1e-4c0b-9438-97cc11c98720	P004	SalA037	2024-11-14	349362.14	Class B	Sales AM 1
c528285e-c185-4715-aa8e-e73c9fb63539	P004	SalA046	2024-11-14	447619.91	Class B	Sales AM 1
9565b0fd-c99d-4077-85ec-725aa38557e3	P001	SalA053	2024-11-14	344430.51	Class A	Sales AM 1
93f6cd7a-023d-473e-857b-ce35f2bb1966	P001	SalA013	2024-11-15	135453.25	Class A	Sales AM 1
c065ce1f-c110-41b9-b55f-cdb0b6a1848c	P004	SalA016	2024-11-15	50333.53	Class C	Sales AM 1
9851c525-3251-4861-84dc-a686c4c3c486	P005	SalA041	2024-11-15	470630.81	Class A	Sales AM 1
866e91f7-a280-4969-894d-f4a7a8d2d516	P002	SalA014	2024-11-15	372429.54	Class C	Sales AM 1
41a52f6a-0bb0-4170-8908-d4128097a941	P005	SalA023	2024-11-15	493251.53	Class B	Sales AM 1
59909146-d02f-483c-b0ca-18e8a582af17	P003	SalA061	2024-11-15	252108.45	Class B	Sales AM 1
e6de2eba-1510-49f5-a93f-355ff3be4e8d	P005	SalA046	2024-11-16	447286.88	Class C	Sales AM 1
d3139948-a086-4584-9840-74eda69a0c37	P005	SalA058	2024-11-16	241913.13	Class B	Sales AM 1
e6350c2d-2b29-4dfd-82a5-5b9d07570bd0	P005	SalA025	2024-11-16	95941.32	Class A	Sales AM 1
2ce521a0-915f-41bb-8739-0a93be7bbf45	P002	SalA045	2024-11-16	181099.59	Class B	Sales AM 1
d15733e2-0e55-49f9-b0c2-59f19f592af1	P001	SalA051	2024-11-16	417051.43	Class C	Sales AM 1
06b84c93-8eb5-4b5f-bac6-88d75d0470cc	P001	SalA004	2024-11-17	110167.86	Class B	Sales AM 1
f8a8d8bf-f17d-444b-bf49-5a2eac5c3f4e	P005	SalA014	2024-11-17	247807.17	Class C	Sales AM 1
78b496ff-e7cb-4b7c-8fb9-ca17dd6842e3	P004	SalA017	2024-11-17	173207.44	Class A	Sales AM 1
802ef8aa-7804-47b1-802a-d9540fb57d1a	P003	SalA060	2024-11-17	350385.98	Class B	Sales AM 1
eb53995e-767f-40f9-a786-5f323e4de4b3	P002	SalA013	2024-11-17	371346.03	Class B	Sales AM 1
d9968059-228b-48f5-8abc-00610ffd787a	P003	SalA074	2024-11-17	217689.49	Class A	Sales AM 1
a4fc69dd-223c-46f8-936b-c3c961fb67f0	P003	SalA086	2024-11-18	350163.16	Class A	Sales AM 1
649c862b-fe82-4ce4-bd6d-bc84bdca7c38	P005	SalA072	2024-11-19	111466.47	Class C	Sales AM 1
20aeb4ed-776e-4837-a548-974b7cc11114	P004	SalA025	2024-11-20	261719.85	Class C	Sales AM 1
af0c0b39-463c-4ee0-a20e-9b540edc0ede	P005	SalA059	2024-11-20	85337.37	Class C	Sales AM 1
3c8a4229-9c48-4997-868b-74e15df24519	P001	SalA066	2024-11-20	62295.34	Class A	Sales AM 1
39d11c96-0413-4b90-ac21-b31884271646	P005	SalA081	2024-11-20	55251.66	Class A	Sales AM 1
5fe00330-61da-41a0-a9e4-a5672793222e	P004	SalA085	2024-11-20	108872.58	Class B	Sales AM 1
8b58ee8e-16e5-40ef-9ee5-9d044e455f7c	P004	SalA010	2024-11-20	10679.23	Class B	Sales AM 1
aeeb6623-33cc-4c1c-9e51-8098901c2281	P003	SalA032	2024-11-20	63393.22	Class C	Sales AM 1
4aba901f-cd80-4e09-9361-cd6548ecaa4c	P003	SalA010	2024-11-20	209806	Class C	Sales AM 1
57c428b6-d7b6-47c3-b74c-130b1756347f	P004	SalA021	2024-11-20	355838.52	Class A	Sales AM 1
d6a44c8c-33d5-43a0-a984-2dcb940c8eef	P005	SalA028	2024-11-20	297715.16	Class C	Sales AM 1
72bad359-10a9-46f7-83cd-6aa999fe440e	P005	SalA070	2024-11-21	103727.27	Class B	Sales AM 1
4f630328-0263-4226-9cef-6b6b06adab35	P001	SalA015	2024-11-21	289120.69	Class B	Sales AM 1
76bc8204-c7af-4e47-af18-3c45db97e5bf	P004	SalA051	2024-11-22	215994.86	Class C	Sales AM 1
015b2610-f85e-403f-9705-7e7fedc0faf7	P004	SalA033	2024-11-22	145837.82	Class C	Sales AM 1
5c41eac2-e353-48b5-a7f0-1b9d6f295f6d	P004	SalA038	2024-11-22	90414.15	Class C	Sales AM 1
30f9713f-a6c2-4ee5-846d-adf954294a78	P003	SalA034	2024-11-22	306284	Class A	Sales AM 1
0edca741-15e6-41ee-95a9-a4e28983b661	P003	SalA066	2024-11-22	379304.74	Class A	Sales AM 1
1d7ae5fa-beb4-4533-a4c9-6860597ad768	P004	SalA042	2024-11-23	462681.28	Class B	Sales AM 1
171b4ee7-0226-453d-889d-f2e3e0469aca	P001	SalA015	2024-11-23	95106.49	Class A	Sales AM 1
8ceaacc8-91c7-4dd6-ab51-cbb93712787a	P004	SalA037	2024-11-24	34457.75	Class C	Sales AM 1
1da9dad7-47f6-4e4e-bd3d-574913537ccb	P005	SalA008	2024-11-24	218402.99	Class C	Sales AM 1
10eefeed-b727-4008-8139-eb339fa3f39a	P004	SalA022	2024-11-24	18092.26	Class C	Sales AM 1
2e78602d-55a3-489c-b44e-d4d31200a40b	P003	SalA055	2024-11-25	54533.15	Class C	Sales AM 1
11c25320-cbef-4a0a-bba1-3bb33b43e1fb	P001	SalA016	2024-11-26	200008.86	Class B	Sales AM 1
e0bcfe3c-e927-4111-9ab2-f023277b57b8	P002	SalA025	2024-11-26	65227.13	Class A	Sales AM 1
53b040c2-15c8-47fe-b7ea-8dfb24da9903	P001	SalA031	2024-11-26	177011.01	Class A	Sales AM 1
fe38476a-1186-4ea5-a33a-29d93e0c1be7	P003	SalA038	2024-11-26	21495.34	Class C	Sales AM 1
ce1e2ab4-718c-426c-adf6-563abc1338c1	P002	SalA047	2024-11-26	20388.33	Class A	Sales AM 1
4431ab7a-f047-4d78-855a-e4217ed4d70e	P002	SalA019	2024-11-27	75602.69	Class A	Sales AM 1
9f4558d6-be40-46ac-bc6d-40f2756268da	P005	SalA063	2024-11-27	336185.83	Class C	Sales AM 1
9500834a-57bf-4aa4-9a53-400dbc91e961	P002	SalA032	2024-11-28	157332.73	Class B	Sales AM 1
15ce0bed-863b-401d-bff5-08503100d5ff	P003	SalA096	2024-11-28	392804.29	Class B	Sales AM 1
28d5b008-56b3-4e72-ba9f-2126960cbdee	P005	SalA067	2024-11-28	268977.37	Class C	Sales AM 1
51661cec-68b4-4baf-b9f5-60b146ec8921	P004	SalA017	2024-11-29	324738.36	Class C	Sales AM 1
c3bbf157-0855-4615-8e05-68e2ca826b30	P004	SalA016	2024-11-29	17965.38	Class C	Sales AM 1
f6fa3a7c-f2d3-4752-b538-2cffeb75b974	P004	SalA046	2024-11-29	311749.5	Class A	Sales AM 1
871fac0e-a611-4a11-bea1-d5589b83152f	P003	SalA064	2024-11-29	70397.21	Class C	Sales AM 1
a2cadc74-fa2a-4b6f-9c80-104c9b829394	P002	SalA016	2024-11-30	396429.13	Class C	Sales AM 1
3b7a8052-ecfc-4240-a294-cd6af2600767	P003	SalA029	2024-11-30	465129.31	Class A	Sales AM 1
8330d86d-2e14-49f0-86d1-092293089d7e	P004	SalA057	2024-11-30	130276.68	Class A	Sales AM 1
8e28609e-6136-4523-ac51-a0bd38c0521f	P001	SalA012	2024-11-30	280338.39	Class A	Sales AM 1
61297616-7a14-400f-a8a2-b5cd2060315c	P003	SalA064	2024-11-30	126870.82	Class B	Sales AM 1
e56c4cb7-7701-4e35-bd25-26fd321da251	P002	SalA073	2024-11-30	231139.64	Class A	Sales AM 1
082129f2-b9fa-44c8-901c-dabb5591c6b8	P003	SalA002	2024-12-08	119379.07	Class A	Sales AM 1
da7c600d-0720-4b1e-ac25-4f738a4bb2c9	P004	SalA002	2024-12-01	399605.66	Class A	Sales AM 1
4e5998c6-72d2-401a-a49b-8a41278eb617	P005	SalA002	2024-12-05	114701.74	Class A	Sales AM 1
0a72c83b-3685-4991-a198-04cf5d6d52aa	P001	SalA003	2024-12-14	45211.14	Class B	Sales AM 1
8cdbb81b-54da-426f-bd4f-d6768628b3b0	P004	SalA003	2024-12-04	319263.62	Class C	Sales AM 1
66028adc-3e3c-4f4e-be08-22ca317bb60e	P004	SalA003	2024-12-16	289758.75	Class A	Sales AM 1
97b4a360-8e4e-4559-9b28-0d88762581a9	P001	SalA004	2024-12-28	259200.49	Class B	Sales AM 1
ebbc9f8c-a775-4b07-bb9c-c9c6d4a52767	P002	SalA004	2024-12-09	112545.64	Class A	Sales AM 1
38f12cd2-38e7-4c89-8422-59aa8e76c0c0	P004	SalA005	2024-12-17	171725.34	Class C	Sales AM 1
59ec895d-dfe3-4dee-a931-18c01229929c	P005	SalA005	2024-12-08	229890.29	Class A	Sales AM 1
c80bd634-4d63-427c-a813-922802a5a26c	P001	SalA006	2024-12-15	330232.8	Class B	Sales AM 1
1072e2b9-5b33-494d-8308-48b36e7b65a7	P004	SalA006	2024-12-13	99347.46	Class C	Sales AM 1
25724050-7325-43f0-9888-b7bc7f42f8c1	P002	SalA007	2024-12-24	485609.15	Class B	Sales AM 1
35018cdc-d934-4751-a9e0-7bb54250cbe3	P003	SalA008	2024-12-06	356459.81	Class B	Sales AM 1
775fbb32-9b03-4a19-b60f-49a994553942	P004	SalA009	2024-12-14	470385.58	Class A	Sales AM 1
eb801780-8648-4dbd-a3fc-815f3fa3019b	P003	SalA010	2024-12-29	333493.4	Class C	Sales AM 1
0d8afc2f-7a3e-41b9-bdd0-b73e3fc22c41	P004	SalA010	2024-12-27	432249.13	Class C	Sales AM 1
28f49d47-a753-4712-bba1-c2f8ec846ca4	P004	SalA012	2024-12-01	415810.03	Class B	Sales AM 1
aa69a1e6-7337-411e-8079-301696ffb8ab	P001	SalA013	2024-12-26	136080.11	Class C	Sales AM 1
34a24cb7-1205-4449-8e82-562ca616058e	P001	SalA014	2024-12-22	87354.93	Class C	Sales AM 1
ff6462a7-93f9-4461-ad57-abf552b8bf47	P003	SalA014	2024-12-17	91303.85	Class B	Sales AM 1
fe7522d0-8a7a-4c33-8fd5-2ecb34c9763c	P004	SalA014	2024-12-30	21990.42	Class B	Sales AM 1
6faebd9e-ecd3-4f2e-b147-ad38e5fe8f74	P001	SalA016	2024-12-19	471116.01	Class A	Sales AM 1
0a6fddb8-9215-445c-9392-af8849dea6f4	P002	SalA016	2024-12-11	245209.63	Class C	Sales AM 1
e4deb581-c4c5-4ec2-84a2-d444a8b5523b	P001	SalA018	2024-12-20	247429.04	Class B	Sales AM 1
576ba779-6875-433c-8acf-cbd4dfd2061b	P005	SalA019	2024-12-12	358656.12	Class C	Sales AM 1
221ea8c4-f66b-4a21-aff3-b5faec3a7358	P001	SalA021	2024-12-18	401715.42	Class A	Sales AM 1
5910d0f0-a56d-4887-8c42-185a5136f4ee	P002	SalA021	2024-12-29	97545.44	Class A	Sales AM 1
ae6ad6ab-5aea-4f2b-ac81-bf3577764ddf	P005	SalA021	2024-12-15	139018.59	Class C	Sales AM 1
88e30383-e056-4d86-826f-1d2ac955a268	P002	SalA022	2024-12-17	64904.34	Class B	Sales AM 1
f616581e-c73b-4269-920e-030a9f7bf0d8	P001	SalA024	2024-12-11	376927.68	Class B	Sales AM 1
8f586337-99b2-4b18-8d6e-194394f47f93	P001	SalA024	2024-12-26	270795.84	Class B	Sales AM 1
153f1921-a168-4001-aba3-8b0a28e24f75	P001	SalA025	2024-12-14	368273.27	Class A	Sales AM 1
5d8d4cb7-7922-4526-809b-e544990abe54	P004	SalA025	2024-12-06	439682.86	Class C	Sales AM 1
39b3b5f3-f0f6-45ae-a9fd-a36a016d7710	P004	SalA026	2024-12-12	125139.36	Class B	Sales AM 1
9a0c7aff-d784-4e84-81cc-7688679a1aca	P001	SalA027	2024-12-01	186309.02	Class C	Sales AM 1
74f82113-fdf7-49b5-a256-872db005d0e5	P004	SalA027	2024-12-30	316514.04	Class C	Sales AM 1
a8975320-3f84-469f-a97c-5289ead19f04	P004	SalA028	2024-12-01	168679.21	Class C	Sales AM 1
56afcf86-ac1c-4a52-873b-d80eab9e0dd4	P001	SalA029	2024-12-01	326675.17	Class A	Sales AM 1
6fff51d3-c653-4b3d-95c5-7f9856777d16	P001	SalA030	2024-12-17	423599.01	Class A	Sales AM 1
1581786c-239e-45f1-9cb3-369bfe1affc4	P002	SalA030	2024-12-11	277884.33	Class A	Sales AM 1
47f9341c-52e4-4e00-ad80-eeaa4bc41330	P005	SalA030	2024-12-01	118159.01	Class B	Sales AM 1
a07e135e-667c-4a06-b855-56470cedebde	P001	SalA031	2024-12-04	334297.06	Class B	Sales AM 1
5f2d7eae-4c89-4ffb-9c2e-acde75b0ec1d	P004	SalA032	2024-12-14	54828.47	Class B	Sales AM 1
13cd21ff-a475-443f-b425-40f6b3e9c244	P001	SalA033	2024-12-16	422439.32	Class A	Sales AM 1
b43fa83f-158c-40b6-b5e3-7159b69e8028	P002	SalA033	2024-12-18	454524.23	Class A	Sales AM 1
ef94f111-17de-4087-92c1-efd394b2611f	P003	SalA033	2024-12-31	169103.39	Class A	Sales AM 1
e7a56955-0982-449f-932a-c4644f956186	P004	SalA033	2024-12-02	43172.32	Class B	Sales AM 1
f8c0f4a8-b277-4c7c-9db0-ec0c4cb12fb1	P003	SalA034	2024-12-20	394216.81	Class B	Sales AM 1
8577665e-0ab6-43df-bf40-eca70a11f99f	P005	SalA034	2024-12-30	83684.45	Class A	Sales AM 1
358b1a10-8872-4340-884e-b03870c60ba1	P003	SalA035	2024-12-06	41276.09	Class A	Sales AM 1
4aeb30e2-947b-4098-a7ed-bb50175a4bf5	P001	SalA036	2024-12-18	369925.98	Class A	Sales AM 1
304cfc58-0a10-49c2-a3d0-5e4508a547e8	P002	SalA036	2024-12-27	277934.19	Class B	Sales AM 1
5cf4a4b7-5fe8-4d09-b5f0-1b1dbed27bab	P003	SalA036	2024-12-29	110880.04	Class B	Sales AM 1
6793919c-ec1e-491e-80ef-5a0ca999a026	P002	SalA038	2024-12-25	104491.02	Class C	Sales AM 1
41b33cab-a8dc-40f3-bb71-aff8c13facad	P003	SalA038	2024-12-28	253112.91	Class C	Sales AM 1
837ea46a-57d6-4c05-a28c-ebb90131eff9	P004	SalA038	2024-12-20	43070.13	Class A	Sales AM 1
41270aec-865a-428c-8f15-eef96f230688	P005	SalA039	2024-12-05	221542.22	Class B	Sales AM 1
bae67ce0-de3e-4980-a164-2496601bf081	P005	SalA040	2024-12-04	223698.87	Class A	Sales AM 1
e66cbcaa-017f-4837-b213-439cfbbf210f	P001	SalA041	2024-12-13	95394.75	Class A	Sales AM 1
fd005b33-1f63-4b70-a0d5-6391e80dfd0f	P003	SalA041	2024-12-15	209006.11	Class A	Sales AM 1
e5802a2c-c844-47c7-a87c-bf65c6e3d3ab	P004	SalA041	2024-12-10	93801.18	Class B	Sales AM 1
ad7f8d19-95a9-49e5-ac9c-4f6ca9b3d5be	P005	SalA042	2024-12-01	286465.32	Class A	Sales AM 1
15d3e6ce-8afc-49a1-85d0-b09ea19c8ad9	P002	SalA043	2024-12-01	400092.48	Class C	Sales AM 1
07374435-d4c8-48ec-887b-466898be0650	P005	SalA044	2024-12-27	428492.57	Class B	Sales AM 1
00a7c579-2ca0-4c79-b199-9519e3b44555	P003	SalA046	2024-12-25	43188.98	Class A	Sales AM 1
a29da332-12e4-47c8-a8d5-602631f9de42	P004	SalA046	2024-12-13	427615.08	Class A	Sales AM 1
156b7783-6654-4727-bf8a-679454989174	P001	SalA047	2024-12-23	61858.1	Class B	Sales AM 1
5c0e2b01-9b59-4b8f-bee5-9aeb6f4b5451	P003	SalA047	2024-12-17	112473.28	Class B	Sales AM 1
c9e90bf2-3df6-42e3-ace3-2add6f9fff56	P001	SalA049	2024-12-01	73516.97	Class B	Sales AM 1
5f7302f0-b422-424d-8225-1645e4c31df8	P001	SalA050	2024-12-05	185129.5	Class A	Sales AM 1
4cf28daf-cd36-4501-b36a-589874c7af77	P002	SalA050	2024-12-27	92089.45	Class A	Sales AM 1
a7574d5d-8650-432a-963b-c10fd8b117ce	P004	SalA050	2024-12-20	365796.36	Class A	Sales AM 1
1ad299f7-37c6-4ace-91b8-01afb1b26686	P001	SalA051	2024-12-22	431463.37	Class B	Sales AM 1
76a34e26-8efa-44d8-8407-8c93c552e0a8	P001	SalA051	2024-12-28	115130.2	Class B	Sales AM 1
17c8b9a7-b3e5-4112-abb9-3c01990c9b53	P005	SalA051	2024-12-06	494056.43	Class A	Sales AM 1
f8975aed-3c13-49fa-b386-8c53a57c306f	P005	SalA052	2024-12-15	171264.48	Class A	Sales AM 1
8ff6329b-bd4e-4125-9fb0-a4a4ed5c00b7	P001	SalA053	2024-12-03	51697.97	Class B	Sales AM 1
2406319a-4932-4fc9-9800-14414d1cb4af	P003	SalA053	2024-12-20	171947.48	Class B	Sales AM 1
ba38131a-15a5-45ff-b58e-0c4ebf1a0064	P003	SalA054	2024-12-14	332793.55	Class A	Sales AM 1
284a8786-483f-46bb-8bce-5c255ac418e5	P005	SalA054	2024-12-06	19466.41	Class C	Sales AM 1
9c8b3e12-66c8-4385-ac82-114479622a4d	P001	SalA055	2024-12-09	423035.92	Class A	Sales AM 1
5869e64c-724d-45eb-8de3-2ece61acb734	P001	SalA056	2024-12-22	402809.32	Class C	Sales AM 1
b67d2079-4965-4030-b9fb-b19d1f75ed4e	P002	SalA056	2024-12-29	91346.14	Class C	Sales AM 1
7e2ee6dd-2a97-4f8e-9b21-4fe32710bf15	P001	SalA058	2024-12-17	278895.94	Class B	Sales AM 1
c4a799a2-5d9a-439e-b6c9-3bcd5fcbc186	P005	SalA058	2024-12-03	75110.35	Class B	Sales AM 1
b884a6a0-b623-40e7-8204-cc21b129b8aa	P004	SalA059	2024-12-04	193657.78	Class C	Sales AM 1
1b13468b-9b75-4d57-866b-d60b23646d60	P003	SalA060	2024-12-19	166569.95	Class B	Sales AM 1
ebaee973-30c1-42b2-987e-f551533c8357	P004	SalA060	2024-12-27	133310.67	Class C	Sales AM 1
77ce4511-6d38-4a76-bfd3-5dda507672ef	P005	SalA060	2024-12-11	366560.84	Class C	Sales AM 1
e0d90a7f-07a5-4ad8-a9b8-a3b71cf8d461	P001	SalA061	2024-12-12	375096.35	Class C	Sales AM 1
9e7fd362-8658-4afb-99cf-3f860ef4cbff	P004	SalA061	2024-12-05	25874.66	Class B	Sales AM 1
37cdd520-b9d6-46bd-9afd-fe3315cee84c	P001	SalA062	2024-12-23	273194.23	Class B	Sales AM 1
6e95279d-d804-42db-a784-5496d51183aa	P001	SalA062	2024-12-26	456072.78	Class A	Sales AM 1
96e95a6f-69c9-417e-80f3-b431d5d8cf9d	P003	SalA062	2024-12-16	157602.8	Class B	Sales AM 1
9cbfdf3b-b8d2-4f36-a757-325934c1485c	P002	SalA064	2024-12-21	114442.08	Class B	Sales AM 1
9c3cd556-fab6-47be-a37f-d0a18f6cdad0	P002	SalA064	2024-12-27	39653.47	Class C	Sales AM 1
99c6b712-a49c-4481-bc33-f0d47fa734ab	P003	SalA065	2024-12-14	291405.93	Class A	Sales AM 1
79f87a0b-25f2-44a1-bf5f-1d90ec3fb1e4	P003	SalA065	2024-12-30	71733.19	Class A	Sales AM 1
f7b294ca-7bbe-4c2b-bc94-1fe1f599eb88	P002	SalA066	2024-12-03	302662.05	Class C	Sales AM 1
c9916168-5796-4434-902e-9d982cd8614f	P004	SalA066	2024-12-23	440383.97	Class A	Sales AM 1
cb2418cd-3039-4026-814c-bd654be5d209	P005	SalA066	2024-12-10	325378.14	Class A	Sales AM 1
da9b1c56-aca5-4bde-96be-a6e54d7b9167	P001	SalA067	2024-12-03	38009.32	Class A	Sales AM 1
397c1135-a4df-494e-b0de-aed453a77b01	P004	SalA067	2024-12-09	240819.04	Class B	Sales AM 1
ddfd2867-29a8-4b97-8066-242fe3748602	P001	SalA068	2024-12-07	223734.48	Class C	Sales AM 1
b1f4a110-5203-4b12-8c64-7f1670a30336	P003	SalA068	2024-12-09	279103.47	Class B	Sales AM 1
c17f60c4-c00f-4fd0-bc67-5e70577212aa	P004	SalA068	2024-12-05	315281.63	Class B	Sales AM 1
a73c2456-580b-4607-83b0-b93f9feeef5f	P003	SalA069	2024-12-14	41181.69	Class B	Sales AM 1
9b40a74b-1ed6-46ae-afd2-0113da1300df	P005	SalA070	2024-12-14	317477.53	Class C	Sales AM 1
0cb759ae-2fbd-448a-ad16-60d66c589e2d	P002	SalA071	2024-12-21	433112.5	Class C	Sales AM 1
be8aaa30-ea3d-4253-bbee-30330c3d649c	P004	SalA071	2024-12-24	66736.94	Class C	Sales AM 1
be7163fd-ac42-4b8c-886e-253dff79d119	P001	SalA074	2024-12-10	438785.69	Class A	Sales AM 1
cdc2cba6-1c10-47cf-acbb-6ff78b2366b3	P001	SalA077	2024-12-03	376093.41	Class A	Sales AM 1
3d5931c4-6e0c-4744-932c-e63af7f60137	P001	SalA077	2024-12-12	58601.25	Class B	Sales AM 1
7e04a162-5945-47b3-87e1-26052f483ef2	P005	SalA080	2024-12-20	386420.5	Class A	Sales AM 1
b405f576-ecb9-4f96-847d-007efc4b29e5	P003	SalA081	2024-12-15	299100.55	Class A	Sales AM 1
ab3faa83-222e-4a5b-a8b0-d838742361ab	P002	SalA086	2024-12-11	294337.03	Class A	Sales AM 1
54ca9643-9cf1-451f-84e1-b138ad2df5de	P003	SalA089	2024-12-14	338538.13	Class C	Sales AM 1
fbf40975-3a5c-4b8e-9343-c440fc06e178	P001	SalA049	2025-01-01	495153.8	Class A	Sales AM 1
48c2648a-d3f0-4064-bcf8-f3c377fd053e	P005	SalA090	2025-01-01	250852.74	Class C	Sales AM 1
a41e7b62-37c7-4e56-b3fa-400b32f2ffcb	P004	SalA004	2025-01-01	28083	Class A	Sales AM 1
b1cb382b-89ca-4657-9153-902b4f52db52	P002	SalA016	2025-01-01	203648.92	Class C	Sales AM 1
365ba2b0-6607-4aec-ab21-2eeb1638ebd9	P001	SalA007	2025-01-02	230828.78	Class B	Sales AM 1
800c9db0-1da9-4688-87c9-cf56eb0aae64	P003	SalA059	2025-01-02	375567.79	Class B	Sales AM 1
d73f191a-a323-4aa4-aacd-d0b312cd8a87	P004	SalA092	2025-01-02	193763.43	Class B	Sales AM 1
1726e3e2-289e-49f7-b2bf-72c55e966188	P004	SalA055	2025-01-02	384750.8	Class C	Sales AM 1
45ceb603-f6e5-49e5-a8d0-f93dd05ef565	P004	SalA023	2025-01-03	289132.57	Class B	Sales AM 1
26b940dc-6bf5-4cd0-8b03-a356b9d5f340	P004	SalA029	2025-01-03	301870.24	Class B	Sales AM 1
1a444817-2a9a-4260-9aca-8e3f81d40948	P002	SalA047	2025-01-03	472420.31	Class B	Sales AM 1
6a3e1f23-4c4b-451a-9f6a-51e554019e46	P004	SalA065	2025-01-03	304629.17	Class A	Sales AM 1
effcf913-c94e-4937-8a5e-05fe3ec73c21	P002	SalA065	2025-01-03	324354.85	Class A	Sales AM 1
8bd8eff3-f5b6-4160-bd6e-41015f6d03ce	P004	SalA041	2025-01-03	363638.93	Class A	Sales AM 1
1edd9f8d-e106-4426-8323-18162119c6fc	P004	SalA052	2025-01-03	498406.24	Class A	Sales AM 1
e6b5cc11-d457-4db3-8a51-d4d28a4dceed	P002	SalA034	2025-01-04	124783.15	Class C	Sales AM 1
f60a3d91-1dbd-45d5-9e89-dca2df75896c	P005	SalA039	2025-01-04	456010.32	Class A	Sales AM 1
d59ae97b-b14a-480d-a64b-bbbabf0d9b6b	P003	SalA052	2025-01-04	486705.68	Class C	Sales AM 1
3797b35a-c2c1-4532-b67d-5a864bec6105	P001	SalA009	2025-01-04	140544.9	Class C	Sales AM 1
3863cb9b-5fe4-466e-910e-a5be97bad76b	P002	SalA033	2025-01-04	132830.65	Class A	Sales AM 1
cc9360bf-822b-4b2a-9376-aff7943f0696	P001	SalA009	2025-01-05	78448.12	Class B	Sales AM 1
3284b93b-c1eb-4bbf-883a-ba0b8ceba473	P003	SalA072	2025-01-05	433168.06	Class B	Sales AM 1
f9252deb-781c-45db-86c4-0af76d756d20	P001	SalA007	2025-01-05	170257.32	Class C	Sales AM 1
545f38f0-65f7-413f-81c3-4cda035cd0fb	P003	SalA047	2025-01-05	377238.42	Class A	Sales AM 1
4b0b01f2-478a-455b-b377-1c5ef87a17c9	P001	SalA072	2025-01-05	186585.31	Class A	Sales AM 1
8b5589c2-e316-4531-99fa-d33571d0910a	P003	SalA027	2025-01-06	34710.25	Class A	Sales AM 1
7a7f86b3-d876-4670-a21e-5b914c60790c	P002	SalA065	2025-01-06	136271.55	Class C	Sales AM 1
Asset_0	P004	SalA134	07-08-2024	85626.39	Class B	Sales AM 2
Asset_1	P003	SalA123	20-06-2024	86391	Class B	Sales AM 2
Asset_2	P005	SalA105	06-09-2024	48688.77	Class A	Sales AM 2
Asset_3	P002	SalA130	16-09-2024	12445.17	Class C	Sales AM 2
Asset_4	P002	SalA141	20-07-2024	88663.51	Class C	Sales AM 2
Asset_5	P005	SalA155	21-07-2024	20076.19	Class A	Sales AM 2
Asset_6	P005	SalA148	19-08-2024	93122.94	Class A	Sales AM 2
Asset_7	P004	SalA137	08-08-2024	4572.16	Class B	Sales AM 2
Asset_8	P003	SalA136	27-08-2024	67625.05	Class A	Sales AM 2
Asset_9	P003	SalA168	11-08-2024	10242.06	Class A	Sales AM 2
Asset_10	P004	SalA111	16-08-2024	38049.75	Class B	Sales AM 2
Asset_11	P001	SalA115	08-09-2024	14015.47	Class B	Sales AM 2
Asset_12	P002	SalA153	11-10-2024	74431.56	Class C	Sales AM 2
Asset_13	P003	SalA125	06-10-2024	96245.42	Class A	Sales AM 2
Asset_14	P004	SalA144	10-06-2024	2762.99	Class C	Sales AM 2
Asset_15	P001	SalA142	21-11-2024	44341.53	Class B	Sales AM 2
Asset_16	P004	SalA157	23-09-2024	39194	Class A	Sales AM 2
Asset_17	P001	SalA149	08-10-2024	54904.51	Class C	Sales AM 2
Asset_18	P002	SalA138	19-08-2024	79989.63	Class A	Sales AM 2
Asset_19	P001	SalA121	02-12-2024	65498.64	Class A	Sales AM 2
Asset_20	P002	SalA153	24-07-2024	45520.51	Class A	Sales AM 2
Asset_21	P001	SalA140	13-12-2024	1383.19	Class B	Sales AM 2
Asset_22	P001	SalA130	25-10-2024	69034.85	Class A	Sales AM 2
Asset_23	P004	SalA120	08-08-2024	35125.06	Class B	Sales AM 2
Asset_24	P005	SalA131	20-10-2024	54692.54	Class A	Sales AM 2
Asset_25	P002	SalA157	17-12-2024	39639.54	Class A	Sales AM 2
Asset_26	P002	SalA143	20-09-2024	84626.11	Class B	Sales AM 2
Asset_27	P001	SalA104	03-11-2024	98273.1	Class A	Sales AM 2
Asset_28	P003	SalA109	24-12-2024	17357.44	Class A	Sales AM 2
Asset_29	P003	SalA109	17-06-2024	53021.47	Class B	Sales AM 2
Asset_30	P004	SalA134	15-08-2024	31165.42	Class C	Sales AM 2
Asset_31	P003	SalA135	12-11-2024	7425.06	Class B	Sales AM 2
Asset_32	P002	SalA166	07-09-2024	63965.61	Class A	Sales AM 2
Asset_33	P005	SalA154	08-09-2024	8335.46	Class B	Sales AM 2
Asset_34	P005	SalA143	06-11-2024	79919.11	Class A	Sales AM 2
Asset_35	P003	SalA139	05-12-2024	31923.49	Class B	Sales AM 2
Asset_36	P004	SalA119	17-06-2024	52103.69	Class C	Sales AM 2
Asset_37	P003	SalA141	30-12-2024	56334.2	Class B	Sales AM 2
Asset_38	P004	SalA141	10-08-2024	54320.89	Class B	Sales AM 2
Asset_39	P004	SalA124	24-09-2024	51701.35	Class A	Sales AM 2
Asset_40	P005	SalA161	27-07-2024	66731.32	Class A	Sales AM 2
Asset_41	P005	SalA142	02-07-2024	66774.45	Class B	Sales AM 2
Asset_42	P004	SalA123	09-08-2024	55424.08	Class B	Sales AM 2
Asset_43	P002	SalA160	22-08-2024	48834.2	Class A	Sales AM 2
Asset_44	P002	SalA122	08-08-2024	76446.94	Class B	Sales AM 2
Asset_45	P005	SalA158	09-09-2024	8703.54	Class A	Sales AM 2
Asset_46	P002	SalA147	10-12-2024	78973.32	Class A	Sales AM 2
Asset_47	P002	SalA099	13-06-2024	18164.29	Class B	Sales AM 2
Asset_48	P004	SalA156	17-06-2024	52222.72	Class B	Sales AM 2
Asset_49	P001	SalA102	22-09-2024	15233.18	Class A	Sales AM 2
Asset_50	P003	SalA124	10-08-2024	14836.86	Class A	Sales AM 2
Asset_51	P005	SalA120	05-10-2024	92545.36	Class A	Sales AM 2
Asset_52	P001	SalA106	11-11-2024	55538.77	Class A	Sales AM 2
Asset_53	P004	SalA135	17-09-2024	14862.48	Class A	Sales AM 2
Asset_54	P004	SalA124	16-12-2024	98014.92	Class B	Sales AM 2
Asset_55	P001	SalA129	29-11-2024	32539.38	Class C	Sales AM 2
Asset_56	P004	SalA133	21-11-2024	22842.92	Class B	Sales AM 2
Asset_57	P002	SalA107	28-11-2024	52071.78	Class A	Sales AM 2
Asset_58	P001	SalA158	06-12-2024	75505.37	Class A	Sales AM 2
Asset_59	P005	SalA129	06-07-2024	66247.04	Class A	Sales AM 2
Asset_60	P002	SalA100	25-09-2024	72035.14	Class C	Sales AM 2
Asset_61	P001	SalA147	21-08-2024	24124.77	Class A	Sales AM 2
Asset_62	P004	SalA167	03-08-2024	73297	Class A	Sales AM 2
Asset_63	P005	SalA146	11-09-2024	43984.32	Class A	Sales AM 2
Asset_64	P002	SalA165	23-07-2024	55707.39	Class B	Sales AM 2
Asset_65	P004	SalA131	07-06-2024	65039.13	Class A	Sales AM 2
Asset_66	P001	SalA167	25-11-2024	23657.52	Class B	Sales AM 2
Asset_67	P004	SalA122	09-12-2024	74682.14	Class B	Sales AM 2
Asset_68	P001	SalA106	12-07-2024	94647.32	Class C	Sales AM 2
Asset_69	P005	SalA124	04-07-2024	4901.07	Class B	Sales AM 2
Asset_70	P001	SalA142	11-07-2024	38089.31	Class A	Sales AM 2
Asset_71	P003	SalA143	16-06-2024	89631.89	Class A	Sales AM 2
Asset_72	P003	SalA132	23-11-2024	79765.77	Class B	Sales AM 2
Asset_73	P002	SalA102	02-12-2024	65194.01	Class B	Sales AM 2
Asset_74	P003	SalA155	19-10-2024	8180.03	Class B	Sales AM 2
Asset_75	P001	SalA158	11-12-2024	5020.5	Class B	Sales AM 2
Asset_76	P002	SalA160	15-11-2024	24625.1	Class B	Sales AM 2
Asset_77	P005	SalA162	07-06-2024	49314.33	Class B	Sales AM 2
Asset_78	P005	SalA158	05-06-2024	24517.35	Class A	Sales AM 2
Asset_79	P003	SalA147	07-12-2024	51942.08	Class A	Sales AM 2
Asset_80	P005	SalA107	06-07-2024	66700.98	Class B	Sales AM 2
Asset_81	P001	SalA139	25-08-2024	45922.16	Class A	Sales AM 2
Asset_82	P003	SalA101	15-09-2024	36412.04	Class B	Sales AM 2
Asset_83	P002	SalA169	11-07-2024	16450.53	Class B	Sales AM 2
Asset_84	P005	SalA106	02-06-2024	58808.23	Class B	Sales AM 2
Asset_85	P004	SalA155	20-07-2024	36995.04	Class A	Sales AM 2
Asset_86	P003	SalA145	19-07-2024	58382.69	Class C	Sales AM 2
Asset_87	P005	SalA155	07-12-2024	17129.53	Class C	Sales AM 2
Asset_88	P002	SalA130	20-11-2024	67137.83	Class B	Sales AM 2
Asset_89	P002	SalA133	09-12-2024	58378.15	Class A	Sales AM 2
Asset_90	P001	SalA111	30-08-2024	70547.42	Class A	Sales AM 2
Asset_91	P002	SalA155	20-12-2024	46621.53	Class A	Sales AM 2
Asset_92	P002	SalA100	29-12-2024	57962.46	Class A	Sales AM 2
Asset_93	P003	SalA112	14-11-2024	44412.33	Class B	Sales AM 2
Asset_94	P004	SalA163	27-11-2024	74525.55	Class A	Sales AM 2
Asset_95	P001	SalA116	24-10-2024	19814.36	Class A	Sales AM 2
Asset_96	P001	SalA100	24-08-2024	57507.17	Class B	Sales AM 2
Asset_97	P003	SalA167	19-06-2024	17748.45	Class B	Sales AM 2
Asset_98	P001	SalA114	05-12-2024	16700.18	Class B	Sales AM 2
Asset_99	P003	SalA105	14-09-2024	4543.83	Class A	Sales AM 2
